id,first_name,last_name
1,Michael,P.
2,Shawn,M.
3,Kathleen,P.
4,Jimmy,C.
5,Katherine,R.
6,Sarah,R.
7,Martin,M.
8,Frank,R.
9,Jennifer,F.
10,Henry,W.
11,Fred,S.
12,Amy,D.
13,Kathleen,M.
14,Steve,F.
15,Teresa,H.
16,Amanda,H.
17,Kimberly,R.
18,Johnny,K.
19,Virginia,F.
20,Anna,A.
21,Willie,H.
22,Sean,H.
23,Mildred,A.
24,David,G.
25,Victor,H.
26,Aaron,R.
27,Benjamin,B.
28,Lisa,W.
29,Benjamin,K.
30,Christina,W.
31,Jane,G.
32,Thomas,O.
33,Katherine,M.
34,Jennifer,S.
35,Sara,T.
36,Harold,O.
37,Shirley,J.
38,Dennis,J.
39,Louise,W.
40,Maria,A.
41,Gloria,C.
42,Diana,S.
43,Kelly,N.
44,Jane,R.
45,Scott,B.
46,Norma,C.
47,Marie,P.
48,Lillian,C.
49,Judy,N.
50,Billy,L.
51,Howard,R.
52,Laura,F.
53,Anne,B.
54,Rose,M.
55,Nicholas,R.
56,Joshua,K.
57,Paul,W.
58,Kathryn,K.
59,Adam,A.
60,Norma,W.
61,Timothy,R.
62,Elizabeth,P.
63,Edward,G.
64,David,C.
65,Brenda,W.
66,Adam,W.
67,Michael,H.
68,Jesse,E.
69,Janet,P.
70,Helen,F.
71,Gerald,C.
72,Kathryn,O.
73,Alan,B.
74,Harry,A.
75,Andrea,H.
76,Barbara,W.
77,Anne,W.
78,Harry,H.
79,Jack,R.
80,Phillip,H.
81,Shirley,H.
82,Arthur,D.
83,Virginia,R.
84,Christina,R.
85,Theresa,M.
86,Jason,C.
87,Phillip,B.
88,Adam,T.
89,Margaret,J.
90,Paul,P.
91,Todd,W.
92,Willie,O.
93,Frances,R.
94,Gregory,H.
95,Lisa,P.
96,Jacqueline,A.
97,Shirley,D.
98,Nicole,M.
99,Mary,G.
100,Jean,M.
101,Julie,D.
102,David,X.
103,Elizabeth,H.
104,Ryan,E.
105,Cheryl,D.
106,Kelly,X.
107,Samantha,C.
108,Janet,N.
109,William,A.
110,Matthew,G.
111,Jacob,Q.
112,Maria,A.
113,Christine,G.
114,Judith,U.
115,Joan,R.
116,Melissa,H.
117,Sharon,S.
118,Elizabeth,Z.
119,James,Y.
120,Kevin,W.
121,Deborah,K.
122,Elizabeth,E.
123,Jeffrey,Y.
124,Margaret,D.
125,Matthew,M.
126,Anthony,L.
127,Sandra,T.
128,Linda,Z.
129,Richard,X.
130,Laura,R.
131,Steven,M.
132,Daniel,R.
133,Jessica,U.
134,Diane,L.
135,Rachel,G.
136,Evelyn,C.
137,Richard,V.
138,Jacob,Y.
139,Jessica,C.
140,Jacob,D.
141,Emily,I.
142,Laura,U.
143,Dorothy,F.
144,Kimberly,L.
145,Jason,V.
146,Barbara,W.
147,Lauren,U.
148,Christopher,T.
149,Julie,F.
150,Helen,X.
151,Patricia,F.
152,Cynthia,M.
153,Barbara,U.
154,Christina,R.
155,Ryan,V.
156,Nancy,Y.
157,Teresa,B.
158,Jacob,B.
159,Lisa,M.
160,Barbara,C.
161,Jeffrey,S.
162,Judith,K.
163,Jeffrey,U.
164,Anna,M.
165,Olivia,O.
166,Joshua,I.
167,Andrew,H.
168,Hannah,R.
169,Helen,I.
170,Hannah,S.
171,Deborah,S.
172,Carol,L.
173,Ryan,E.
174,Pamela,P.
175,Matthew,Y.
176,Joseph,D.
177,Kenneth,U.
178,Kevin,Z.
179,Lauren,N.
180,Catherine,C.
181,Donna,M.
182,Catherine,O.
183,Nicole,I.
184,Katherine,A.
185,Lauren,X.
186,Donald,V.
187,Helen,Y.
188,Barbara,Y.
189,Olivia,K.
190,Donald,J.
191,Stephanie,F.
192,Laura,A.
193,Megan,X.
194,Linda,Q.
195,Martha,F.
196,Brenda,D.
197,Ruth,J.
198,Julie,Q.
199,Maria,G.
200,Kenneth,L.
201,Martha,F.
202,Samantha,Y.
203,Nicole,A.
204,Catherine,K.
205,Shirley,A.
206,Donald,L.
207,Karen,H.
208,Thomas,H.
209,Debra,C.
210,Daniel,X.
211,Shirley,C.
212,Martha,R.
213,Gloria,E.
214,Paul,V.
215,Amy,R.
216,Brian,I.
217,Nicole,T.
218,Deborah,G.
219,Samantha,Y.
220,Andrea,W.
221,Edward,W.
222,Karen,M.
223,Victoria,U.
224,Kimberly,O.
225,Emma,O.
226,Steven,H.
227,Ryan,C.
228,Margaret,A.
229,Janet,R.
230,Jacob,S.
231,Ryan,A.
232,Christopher,W.
233,Ruth,B.
234,Jacob,C.
235,William,K.
236,Christopher,Q.
237,Mary,I.
238,Victoria,P.
239,Jeffrey,R.
240,Paul,X.
241,Rachel,S.
242,Amy,H.
243,Amy,Z.
244,Amanda,G.
245,Anthony,D.
246,Virginia,N.
247,Ashley,N.
248,Amanda,O.
249,Andrea,B.
250,Kelly,U.
251,Olivia,D.
252,Thomas,M.
253,Andrea,K.
254,Mark,H.
255,Ronald,G.
256,Helen,O.
257,Andrew,N.
258,Timothy,I.
259,Cynthia,H.
260,Christopher,O.
261,Katherine,D.
262,Joseph,U.
263,Samantha,A.
264,Matthew,Y.
265,Mary,F.
266,Amanda,P.
267,Angela,G.
268,Carol,B.
269,Brian,M.
270,James,M.
271,Linda,Z.
272,Laura,J.
273,Deborah,W.
274,Andrea,Z.
275,Christine,V.
276,Judith,P.
277,Kenneth,G.
278,Jessica,G.
279,Thomas,S.
280,Cheryl,R.
281,Thomas,X.
282,Lisa,B.
283,Joseph,S.
284,Angela,Q.
285,Nicole,F.
286,Thomas,Q.
287,Daniel,F.
288,Charles,T.
289,Charles,V.
290,Mary,M.
291,Steven,S.
292,Patricia,S.
293,Catherine,B.
294,Diane,C.
295,Melissa,V.
296,Carolyn,S.
297,Emma,K.
298,Linda,G.
299,Victoria,W.
300,Lisa,H.
301,Linda,M.
302,Paul,V.
303,Olivia,J.
304,Laura,K.
305,Jacqueline,C.
306,Robert,O.
307,Diane,S.
308,Anthony,C.
309,Helen,G.
310,Brenda,I.
311,Paul,L.
312,Charles,H.
313,Kimberly,J.
314,Kevin,O.
315,Samantha,W.
316,Sarah,T.
317,Joyce,Q.
318,Robert,V.
319,Katherine,J.
320,Virginia,D.
321,Andrew,I.
322,Donald,D.
323,Hannah,R.
324,Kenneth,I.
325,Susan,T.
326,Jason,W.
327,Margaret,G.
328,Lauren,U.
329,Linda,Q.
330,Shirley,I.
331,Joseph,C.
332,Julie,N.
333,Elizabeth,B.
334,James,K.
335,Gloria,E.
336,Julie,I.
337,Kevin,X.
338,Rebecca,R.
339,Evelyn,N.
340,Christine,A.
341,Donald,C.
342,Christina,E.
343,Samantha,B.
344,Kimberly,S.
345,Katherine,E.
346,Stephanie,E.
347,Richard,J.
348,Dorothy,Z.
349,Richard,L.
350,Jason,V.
351,Patricia,V.
352,Mark,L.
353,Teresa,R.
354,Amanda,T.
355,Hannah,E.
356,Mary,F.
357,George,N.
358,David,F.
359,Cheryl,K.
360,Amanda,Z.
361,Victoria,X.
362,Patricia,I.
363,Kevin,Z.
364,Joan,D.
365,Emily,B.
366,Amy,H.
367,Edward,O.
368,Sandra,J.
369,Jacob,H.
370,David,V.
371,Ronald,M.
372,Betty,I.
373,Charles,Y.
374,Elizabeth,L.
375,Olivia,Q.
376,Carol,V.
377,Helen,K.
378,David,D.
379,Linda,F.
380,Carolyn,I.
381,William,D.
382,Catherine,N.
383,Sandra,X.
384,Lisa,N.
385,Maria,Q.
386,Donald,M.
387,Rachel,G.
388,Jennifer,B.
389,Evelyn,N.
390,James,Q.
391,Helen,V.
392,Megan,X.
393,Cheryl,V.
394,Edward,L.
395,Stephanie,C.
396,Victoria,K.
397,Diane,K.
398,Virginia,D.
399,Megan,J.
400,Brenda,J.
401,Victoria,N.
402,Nancy,M.
403,Joan,J.
404,Katherine,E.
405,Ronald,N.
406,Victoria,M.
407,Kelly,X.
408,George,T.
409,Debra,J.
410,Carol,R.
411,James,J.
412,Susan,G.
413,Stephanie,Z.
414,Carolyn,T.
415,Joyce,K.
416,Cynthia,O.
417,Rebecca,V.
418,Jeffrey,Q.
419,Amy,Z.
420,Cheryl,F.
421,Virginia,C.
422,Susan,Q.
423,Virginia,U.
424,Diane,K.
425,Matthew,Y.
426,Mary,V.
427,Karen,H.
428,Edward,E.
429,David,B.
430,Patricia,P.
431,Heather,Y.
432,Christopher,O.
433,Melissa,U.
434,Rachel,G.
435,Judith,W.
436,Donna,P.
437,Carol,H.
438,Joshua,U.
439,Christina,A.
440,Jacqueline,Y.
441,Mark,Y.
442,Deborah,H.
443,George,Z.
444,Joan,Q.
445,Cynthia,B.
446,Christine,H.
447,Steven,O.
448,Andrew,Z.
449,Cynthia,V.
450,Nicole,R.
451,Catherine,K.
452,Jacqueline,O.
453,Heather,X.
454,Brenda,N.
455,Katherine,O.
456,Kevin,X.
457,Amy,O.
458,Linda,Y.
459,Patricia,U.
460,Elizabeth,Y.
461,Teresa,Q.
462,Shirley,U.
463,Mary,I.
464,Rebecca,C.
465,Judith,J.
466,Mary,I.
467,Betty,K.
468,Samantha,C.
469,Andrew,E.
470,Jacob,M.
471,Christina,E.
472,Evelyn,G.
473,Charles,N.
474,Amanda,K.
475,Samantha,O.
476,Melissa,B.
477,Jason,N.
478,Donna,Y.
479,Carolyn,W.
480,John,Y.
481,Rachel,M.
482,Angela,A.
483,Ashley,J.
484,Jacqueline,M.
485,Melissa,R.
486,Hannah,X.
487,Samantha,Z.
488,Maria,H.
489,Shirley,H.
490,Barbara,N.
491,Shirley,A.
492,Donna,K.
493,Victoria,V.
494,Carol,X.
495,Brian,O.
496,Paul,T.
497,Helen,A.
498,Michelle,S.
499,Debra,V.
500,David,C.
501,Olivia,N.
502,Andrew,O.
503,Timothy,B.
504,Linda,M.
505,Nancy,G.
506,Laura,K.
507,Margaret,Y.
508,Emily,I.
509,Jacqueline,N.
510,Jennifer,C.
511,Amy,A.
512,Hannah,R.
513,Joseph,L.
514,Ryan,U.
515,Charles,Y.
516,Joyce,B.
517,Jacqueline,A.
518,Patricia,G.
519,John,T.
520,Kenneth,H.
521,Paul,P.
522,Victoria,D.
523,Debra,G.
524,Cynthia,W.
525,Jennifer,Y.
526,Kimberly,F.
527,Maria,T.
528,Hannah,W.
529,Donald,Y.
530,Kevin,J.
531,Mark,S.
532,David,J.
533,Rachel,V.
534,Emily,M.
535,Judith,G.
536,Christopher,S.
537,Christina,U.
538,Patricia,D.
539,Joan,Y.
540,Sarah,V.
541,Catherine,Z.
542,Steven,Z.
543,Debra,Z.
544,Richard,L.
545,Helen,N.
546,Virginia,L.
547,Charles,Q.
548,Olivia,K.
549,Robert,N.
550,Shirley,D.
551,Stephanie,L.
552,Julie,O.
553,Evelyn,E.
554,Stephanie,F.
555,Andrea,Q.
556,Joyce,I.
557,Heather,Z.
558,Helen,Y.
559,Angela,O.
560,Stephanie,X.
561,Janet,I.
562,Nancy,H.
563,Matthew,I.
564,Sharon,H.
565,Jacqueline,O.
566,Debra,T.
567,Victoria,M.
568,Margaret,A.
569,Anna,K.
570,Timothy,P.
571,Jeffrey,L.
572,Linda,K.
573,Elizabeth,T.
574,Joan,I.
575,Christine,A.
576,Emma,G.
577,Daniel,H.
578,Megan,N.
579,Shirley,R.
580,Martha,H.
581,Christina,P.
582,Olivia,W.
583,Shirley,O.
584,John,C.
585,Jessica,H.
586,Carol,W.
587,Patricia,J.
588,Virginia,S.
589,Kimberly,P.
590,Katherine,Q.
591,Sandra,N.
592,Hannah,R.
593,Betty,L.
594,Joan,O.
595,Barbara,J.
596,Jennifer,H.
597,Steven,X.
598,Ronald,K.
599,Steven,X.
600,Helen,Y.
601,Christina,F.
602,Ronald,G.
603,Cheryl,P.
604,Elizabeth,X.
605,Janet,Y.
606,Nicole,T.
607,Susan,D.
608,Ronald,J.
609,Jacob,L.
610,George,J.
611,Robert,W.
612,Helen,E.
613,Elizabeth,B.
614,Joseph,R.
615,Jessica,W.
616,Paul,U.
617,Jacqueline,P.
618,Mark,A.
619,Rachel,J.
620,Amy,P.
621,Rebecca,K.
622,Timothy,B.
623,Jennifer,P.
624,Donald,C.
625,Carol,P.
626,Christopher,S.
627,Ruth,V.
628,Joseph,E.
629,Kenneth,Z.
630,Debra,J.
631,Daniel,H.
632,Steven,R.
633,Martha,N.
634,Maria,T.
635,Diane,H.
636,Teresa,Q.
637,Emily,O.
638,Rebecca,J.
639,Janet,N.
640,Karen,S.
641,Diane,B.
642,Heather,X.
643,Anthony,Y.
644,Jason,U.
645,Jeffrey,I.
646,Virginia,C.
647,Kevin,H.
648,George,R.
649,Christopher,F.
650,James,N.
651,Sharon,W.
652,Catherine,P.
653,Jessica,B.
654,Jacob,J.
655,Evelyn,J.
656,Joan,O.
657,Christopher,V.
658,Jacob,I.
659,Ruth,S.
660,Virginia,Z.
661,Edward,N.
662,Donald,R.
663,Ryan,U.
664,Kenneth,I.
665,Joshua,C.
666,Thomas,F.
667,Karen,T.
668,Hannah,S.
669,Susan,O.
670,Steven,O.
671,Christina,J.
672,Joan,M.
673,Barbara,Q.
674,Samantha,P.
675,Rebecca,C.
676,Catherine,B.
677,Stephanie,X.
678,Nancy,T.
679,Jennifer,A.
680,Matthew,H.
681,Kelly,S.
682,Janet,A.
683,Martha,V.
684,Barbara,S.
685,Richard,Y.
686,Jacqueline,F.
687,Amy,Q.
688,Joyce,O.
689,Elizabeth,F.
690,Carolyn,N.
691,Julie,P.
692,Matthew,P.
693,Sandra,N.
694,Betty,K.
695,Victoria,D.
696,Kevin,K.
697,Amanda,W.
698,Anna,J.
699,Virginia,M.
700,Martha,R.
701,William,O.
702,Matthew,K.
703,Jennifer,K.
704,Donald,Y.
705,Carol,Q.
706,James,V.
707,Samantha,O.
708,Amanda,B.
709,Ronald,Q.
710,Dorothy,T.
711,Jacqueline,P.
712,Ruth,O.
713,Martha,B.
714,Jason,I.
715,Katherine,E.
716,Susan,O.
717,Joan,P.
718,Steven,A.
719,Ruth,T.
720,Mary,W.
721,Kevin,J.
722,Katherine,A.
723,Katherine,N.
724,Matthew,H.
725,Donald,O.
726,Steven,U.
727,Kenneth,P.
728,Judith,J.
729,Pamela,W.
730,Barbara,N.
731,Angela,P.
732,Patricia,O.
733,Katherine,E.
734,Donna,G.
735,Catherine,Q.
736,Hannah,E.
737,Charles,I.
738,Gloria,Z.
739,Melissa,K.
740,Brenda,I.
741,James,J.
742,Megan,J.
743,Janet,S.
744,Virginia,P.
745,Kenneth,O.
746,Helen,P.
747,Sandra,K.
748,Katherine,Y.
749,Samantha,M.
750,Laura,K.
751,Ronald,W.
752,Mary,S.
753,Donna,H.
754,Teresa,N.
755,Richard,K.
756,Hannah,P.
757,Evelyn,Z.
758,Emily,M.
759,Virginia,Z.
760,Joyce,E.
761,Anna,B.
762,Paul,Q.
763,Janet,K.
764,Anthony,O.
765,Anthony,Q.
766,Laura,A.
767,Megan,E.
768,Amanda,U.
769,Kenneth,C.
770,Amy,Z.
771,Linda,K.
772,Diane,W.
773,Michelle,U.
774,Daniel,K.
775,Kelly,R.
776,Emily,K.
777,Ruth,W.
778,Martha,P.
779,Samantha,B.
780,Diane,C.
781,Mary,U.
782,Lauren,J.
783,Jacob,X.
784,Matthew,N.
785,Anthony,Y.
786,Julie,W.
787,Anthony,O.
788,Brian,W.
789,Sarah,A.
790,Richard,K.
791,Thomas,J.
792,Ashley,L.
793,Stephanie,E.
794,Patricia,Q.
795,Amanda,S.
796,Lauren,Z.
797,Timothy,F.
798,George,C.
799,Heather,M.
800,Diane,V.
801,Mary,P.
802,Carolyn,E.
803,Jacob,O.
804,Julie,I.
805,Laura,I.
806,Victoria,A.
807,Cynthia,J.
808,Kelly,R.
809,Kevin,C.
810,Rebecca,L.
811,Janet,J.
812,Julie,N.
813,Christina,I.
814,Laura,J.
815,Edward,M.
816,Angela,D.
817,Mary,M.
818,Rachel,L.
819,Rachel,J.
820,Joan,J.
821,John,V.
822,Michelle,I.
823,Robert,S.
824,Lauren,Y.
825,Hannah,B.
826,Maria,X.
827,Anna,J.
828,Teresa,Z.
829,Jacob,T.
830,Ashley,H.
831,Julie,G.
832,Diane,I.
833,Kelly,Y.
834,Megan,Y.
835,Virginia,V.
836,Andrew,U.
837,Anthony,U.
838,Olivia,B.
839,Karen,Z.
840,Rebecca,B.
841,Carolyn,L.
842,Andrea,E.
843,Matthew,J.
844,Nancy,X.
845,Melissa,F.
846,Edward,E.
847,Samantha,L.
848,Nicole,Q.
849,Barbara,F.
850,Jennifer,P.
851,Jessica,X.
852,Margaret,Z.
853,Donald,O.
854,Christopher,E.
855,Jacqueline,H.
856,Kelly,X.
857,Kelly,M.
858,Christine,L.
859,Matthew,Z.
860,Michelle,A.
861,Linda,R.
862,Steven,O.
863,Kimberly,V.
864,Hannah,V.
865,Linda,S.
866,Emily,U.
867,Kimberly,D.
868,Kelly,H.
869,Amy,A.
870,Diane,R.
871,Nancy,T.
872,Ryan,U.
873,Charles,U.
874,Cynthia,W.
875,Sarah,U.
876,Amanda,D.
877,Andrew,B.
878,William,J.
879,Anna,D.
880,Anthony,H.
881,Helen,E.
882,Donna,O.
883,Kimberly,V.
884,Hannah,W.
885,Samantha,N.
886,Janet,X.
887,Andrea,E.
888,Melissa,U.
889,Anthony,P.
890,Heather,N.
891,Elizabeth,B.
892,Christina,L.
893,Jeffrey,O.
894,Rebecca,H.
895,Dorothy,D.
896,Lauren,L.
897,Samantha,U.
898,Ashley,B.
899,Michelle,I.
900,Ronald,D.
901,Laura,C.
902,Virginia,G.
903,Olivia,U.
904,Catherine,A.
905,Joseph,Z.
906,Betty,H.
907,Paul,Z.
908,Debra,G.
909,Charles,Y.
910,Katherine,G.
911,Janet,G.
912,Jacob,K.
913,Teresa,E.
914,Catherine,A.
915,Elizabeth,E.
916,Paul,R.
917,Jennifer,Z.
918,George,D.
919,Virginia,A.
920,Paul,A.
921,Ashley,Z.
922,Mary,S.
923,Nancy,A.
924,George,I.
925,Joseph,E.
926,Cheryl,N.
927,Nicole,D.
928,Hannah,C.
929,Amy,O.
930,Teresa,L.
931,Pamela,S.
932,Mark,O.
933,Brenda,H.
934,Heather,B.
935,Andrea,Z.
936,Virginia,Q.
937,Sarah,O.
938,Olivia,A.
939,Thomas,P.
940,Carol,N.
941,Lauren,D.
942,Shirley,W.
943,Rebecca,C.
944,Daniel,K.
945,Maria,E.
946,Charles,E.
947,Elizabeth,T.
948,Julie,S.
949,Katherine,W.
950,Nancy,M.
951,Catherine,Q.
952,Jessica,O.
953,Brenda,T.
954,Stephanie,D.
955,Joan,D.
956,Joyce,U.
957,Gloria,R.
958,Megan,G.
959,Stephanie,O.
960,Jacob,N.
961,Margaret,O.
962,Carol,N.
963,Andrea,D.
964,Lisa,N.
965,Lisa,V.
966,Jennifer,L.
967,Kenneth,V.
968,Amy,C.
969,Matthew,C.
970,Matthew,N.
971,Anthony,X.
972,Cheryl,L.
973,Paul,R.
974,Thomas,S.
975,Christine,R.
976,Betty,V.
977,Steven,N.
978,Ashley,V.
979,Jacqueline,N.
980,Megan,B.
981,Susan,T.
982,Karen,L.
983,Mark,S.
984,Brenda,G.
985,Kenneth,V.
986,Angela,H.
987,Mark,L.
988,Christine,L.
989,Donald,Y.
990,Elizabeth,S.
991,Ryan,Z.
992,Deborah,R.
993,Gloria,T.
994,Heather,V.
995,Olivia,R.
996,David,T.
997,Virginia,W.
998,Barbara,A.
999,Timothy,I.
1000,Joan,Y.
