id,order_id,product_id,quantity,unit_price
1,1,6,3,1114
2,2,5,1,2369
3,2,49,1,1786
4,2,35,3,749
5,2,50,2,1280
6,3,11,1,718
7,3,17,3,584
8,3,34,3,2387
9,3,39,3,347
10,3,28,1,1588
11,4,26,2,1238
12,4,43,2,2350
13,4,42,3,947
14,5,8,2,1439
15,5,16,1,1781
16,5,15,3,622
17,5,5,3,2369
18,6,38,1,2467
19,6,15,1,622
20,7,15,1,622
21,8,22,1,592
22,9,16,3,1781
23,9,18,1,1485
24,9,43,3,2350
25,9,32,3,1376
26,9,14,3,2496
27,10,16,1,1781
28,10,31,1,1310
29,10,27,3,1943
30,10,13,2,1383
31,11,28,3,1588
32,11,27,1,1943
33,11,30,3,2179
34,12,4,2,422
35,13,7,1,2018
36,13,16,3,1781
37,13,13,2,1383
38,14,28,2,1588
39,14,12,2,1770
40,15,5,3,2369
41,15,29,1,1920
42,16,42,3,947
43,17,6,1,1114
44,18,27,2,1943
45,18,32,1,1376
46,19,4,2,422
47,19,11,2,718
48,19,25,2,1199
49,19,1,2,756
50,20,45,3,2379
51,20,47,2,2472
52,20,36,1,2029
53,20,43,1,2350
54,21,14,3,2496
55,21,4,3,422
56,21,38,1,2467
57,22,4,3,422
58,22,38,3,2467
59,22,31,1,1310
60,23,33,1,1935
61,24,5,1,2369
62,24,39,3,347
63,25,26,3,1238
64,25,8,1,1439
65,26,39,3,347
66,26,3,3,656
67,26,40,3,2499
68,26,6,3,1114
69,26,27,2,1943
70,27,14,2,2496
71,27,43,1,2350
72,27,46,2,1831
73,28,9,2,953
74,28,43,2,2350
75,28,42,1,947
76,28,20,1,1794
77,29,40,3,2499
78,29,37,1,1863
79,29,7,3,2018
80,29,5,2,2369
81,30,23,1,2487
82,30,5,2,2369
83,31,11,3,718
84,31,29,2,1920
85,31,35,3,749
86,32,1,1,756
87,32,43,2,2350
88,32,36,1,2029
89,32,20,1,1794
90,32,7,3,2018
91,33,10,3,1438
92,33,18,2,1485
93,33,19,1,713
94,33,39,3,347
95,33,14,3,2496
96,34,33,1,1935
97,34,32,1,1376
98,34,17,3,584
99,35,18,1,1485
100,35,3,3,656
101,35,1,2,756
102,35,22,1,592
103,36,36,1,2029
104,36,46,1,1831
105,36,28,3,1588
106,36,1,1,756
107,37,3,2,656
108,37,24,1,2193
109,37,38,1,2467
110,37,36,2,2029
111,37,10,2,1438
112,38,23,1,2487
113,39,43,2,2350
114,39,7,3,2018
115,40,40,1,2499
116,40,48,1,1627
117,40,10,2,1438
118,40,16,1,1781
119,41,48,2,1627
120,41,22,3,592
121,42,18,3,1485
122,42,11,1,718
123,43,3,2,656
124,43,31,2,1310
125,43,15,2,622
126,43,13,1,1383
127,44,2,1,1303
128,44,43,2,2350
129,45,18,2,1485
130,45,5,2,2369
131,45,50,3,1280
132,46,26,1,1238
133,46,44,2,735
134,46,35,1,749
135,46,22,3,592
136,46,2,2,1303
137,47,7,3,2018
138,48,23,3,2487
139,48,47,3,2472
140,48,21,1,1158
141,48,28,2,1588
142,49,13,1,1383
143,49,17,3,584
144,49,3,3,656
145,49,46,3,1831
146,49,28,3,1588
147,50,24,1,2193
148,50,28,3,1588
149,51,40,1,2499
150,51,21,3,1158
151,51,43,2,2350
152,52,20,3,1794
153,52,43,2,2350
154,52,27,3,1943
155,52,21,1,1158
156,52,26,1,1238
157,53,43,1,2350
158,53,25,3,1199
159,53,44,3,735
160,53,48,2,1627
161,54,36,1,2029
162,54,1,2,756
163,54,20,3,1794
164,54,19,3,713
165,55,30,1,2179
166,55,29,3,1920
167,55,44,2,735
168,56,43,2,2350
169,56,6,3,1114
170,57,22,2,592
171,57,6,1,1114
172,57,49,1,1786
173,57,16,1,1781
174,57,44,1,735
175,58,16,2,1781
176,59,50,3,1280
177,59,5,1,2369
178,59,30,3,2179
179,59,27,3,1943
180,59,41,2,1693
181,60,26,3,1238
182,60,16,1,1781
183,60,10,1,1438
184,60,42,2,947
185,61,12,3,1770
186,61,45,2,2379
187,62,36,1,2029
188,63,30,1,2179
189,64,43,2,2350
190,64,34,2,2387
191,64,36,3,2029
192,64,39,3,347
193,65,28,2,1588
194,65,36,2,2029
195,65,29,2,1920
196,65,11,1,718
197,65,48,3,1627
198,66,50,3,1280
199,66,34,1,2387
200,66,32,2,1376
201,67,5,2,2369
202,67,46,2,1831
203,67,19,2,713
204,67,16,3,1781
205,68,9,1,953
206,69,25,1,1199
207,69,45,3,2379
208,70,5,2,2369
209,70,27,2,1943
210,71,30,3,2179
211,71,27,3,1943
212,71,4,1,422
213,71,14,3,2496
214,71,25,2,1199
215,72,1,2,756
216,72,23,2,2487
217,72,20,3,1794
218,72,49,3,1786
219,73,39,2,347
220,73,15,1,622
221,73,32,2,1376
222,73,18,2,1485
223,73,28,3,1588
224,74,47,3,2472
225,74,11,3,718
226,74,30,1,2179
227,74,9,2,953
228,75,37,2,1863
229,75,43,1,2350
230,75,2,2,1303
231,75,6,1,1114
232,75,42,1,947
233,76,25,2,1199
234,76,21,2,1158
235,76,14,2,2496
236,77,18,1,1485
237,77,49,2,1786
238,77,27,1,1943
239,77,17,3,584
240,78,4,3,422
241,78,23,1,2487
242,78,15,1,622
243,78,42,1,947
244,78,5,1,2369
245,79,40,1,2499
246,80,9,3,953
247,80,31,1,1310
248,81,14,2,2496
249,81,30,1,2179
250,81,45,3,2379
251,81,17,3,584
252,81,50,3,1280
253,82,50,1,1280
254,83,7,2,2018
255,83,38,3,2467
256,83,2,3,1303
257,84,26,3,1238
258,84,46,3,1831
259,84,13,3,1383
260,84,5,1,2369
261,85,45,2,2379
262,86,8,2,1439
263,86,37,3,1863
264,86,3,2,656
265,86,23,1,2487
266,86,35,3,749
267,87,1,1,756
268,87,27,2,1943
269,87,32,2,1376
270,88,46,3,1831
271,88,10,3,1438
272,88,28,3,1588
273,88,12,2,1770
274,89,35,3,749
275,89,50,3,1280
276,89,31,2,1310
277,89,30,2,2179
278,89,28,1,1588
279,90,18,2,1485
280,91,49,3,1786
281,91,30,3,2179
282,92,22,1,592
283,92,2,2,1303
284,92,32,1,1376
285,92,21,2,1158
286,93,22,3,592
287,93,18,2,1485
288,93,39,3,347
289,94,34,1,2387
290,95,16,3,1781
291,96,32,3,1376
292,96,36,2,2029
293,96,49,3,1786
294,96,16,3,1781
295,97,29,1,1920
296,97,2,2,1303
297,97,6,3,1114
298,97,19,1,713
299,98,43,2,2350
300,98,38,3,2467
301,98,24,3,2193
302,99,28,2,1588
303,99,48,2,1627
304,99,36,3,2029
305,100,45,3,1214
306,100,43,2,1849
307,100,20,3,821
308,100,12,1,2646
309,100,26,1,1045
310,101,21,2,2919
311,101,37,1,2332
312,101,10,3,618
313,101,16,3,1608
314,101,11,1,2917
315,102,29,1,1386
316,102,14,2,577
317,102,23,3,742
318,103,4,4,2094
319,104,11,4,2319
320,104,25,3,2536
321,104,25,1,2263
322,104,37,2,966
323,105,5,1,1507
324,105,2,3,1369
325,105,7,1,1700
326,105,11,4,959
327,106,36,1,1684
328,107,40,4,426
329,107,28,2,2787
330,107,28,2,519
331,107,7,3,1141
332,107,13,4,2569
333,108,17,3,1518
334,108,16,1,503
335,108,26,4,929
336,108,4,3,315
337,108,28,1,1506
338,109,31,2,697
339,109,2,2,999
340,109,41,3,635
341,109,31,1,1563
342,109,26,4,2303
343,110,6,4,1057
344,110,24,4,1813
345,110,12,4,482
346,111,29,4,1378
347,111,15,3,2611
348,111,4,2,696
349,112,43,3,2517
350,113,49,2,2567
351,113,4,4,2440
352,113,27,4,2645
353,113,16,4,1524
354,114,26,1,2356
355,115,34,2,792
356,115,49,4,1008
357,115,11,2,1089
358,115,9,1,2034
359,115,6,4,1127
360,116,39,3,1609
361,116,47,1,656
362,117,36,4,2561
363,117,21,3,2428
364,117,30,1,2852
365,117,38,4,760
366,118,10,2,2620
367,118,38,1,732
368,118,37,1,1471
369,118,35,3,1983
370,119,25,4,2643
371,119,39,4,453
372,119,12,3,1950
373,120,40,4,458
374,120,26,3,1273
375,121,48,4,1400
376,122,2,3,1541
377,122,20,3,2313
378,122,45,1,1233
379,123,20,4,1614
380,123,18,4,2777
381,124,13,4,1165
382,125,48,4,2415
383,125,24,1,2410
384,125,11,1,1574
385,125,46,4,855
386,126,37,1,1011
387,126,13,2,536
388,126,16,1,2169
389,126,4,3,1115
390,126,18,3,2201
391,127,26,1,425
392,127,16,3,2302
393,127,39,4,1027
394,127,31,3,1710
395,127,11,3,670
396,128,2,4,503
397,128,11,2,1206
398,128,42,2,1146
399,129,42,4,2402
400,129,2,1,2241
401,129,9,2,2762
402,130,15,3,2791
403,131,46,3,2035
404,131,25,3,2180
405,131,17,2,2211
406,132,44,4,2694
407,132,7,1,2395
408,132,43,3,2599
409,133,39,3,1522
410,133,44,1,2273
411,133,5,3,1432
412,133,41,3,1434
413,133,17,3,1071
414,134,34,2,532
415,134,39,4,1609
416,135,47,1,2984
417,135,32,3,1362
418,136,26,4,444
419,136,38,2,1705
420,136,47,2,2489
421,136,41,4,1768
422,137,20,2,2993
423,137,36,2,1503
424,137,7,4,824
425,137,48,3,2589
426,137,49,2,1674
427,138,15,3,1214
428,139,27,3,1822
429,139,17,3,2199
430,139,8,4,519
431,140,38,1,2234
432,140,13,1,1863
433,140,34,3,1992
434,140,4,2,862
435,140,13,3,1976
436,141,30,2,1595
437,141,46,2,631
438,141,32,3,2884
439,141,12,3,2898
440,141,4,1,2151
441,142,14,2,2660
442,142,49,2,2305
443,142,49,1,830
444,143,28,4,1952
445,143,28,4,1870
446,143,1,1,2486
447,143,13,3,357
448,143,21,2,373
449,144,41,2,1226
450,145,20,2,720
451,145,25,3,984
452,145,5,1,1521
453,146,30,3,2076
454,146,44,2,1703
455,146,32,3,1071
456,147,26,1,1235
457,147,15,2,1165
458,148,38,2,804
459,149,46,1,1836
460,149,41,3,2490
461,149,40,1,2732
462,150,43,1,2977
463,151,4,1,2007
464,152,25,1,2541
465,152,17,4,927
466,152,14,1,1533
467,152,27,1,2431
468,153,40,2,2015
469,153,7,1,1457
470,153,8,1,2338
471,154,39,2,1377
472,154,34,2,1766
473,155,19,2,461
474,155,36,4,1150
475,155,45,4,1654
476,155,16,1,352
477,156,8,4,910
478,157,50,1,714
479,158,42,2,2170
480,158,19,3,2201
481,158,4,1,1015
482,159,19,3,1580
483,160,48,1,689
484,160,49,1,339
485,160,9,2,1646
486,160,23,4,2846
487,161,47,1,1826
488,161,22,2,766
489,161,26,4,2169
490,162,25,4,2027
491,162,42,2,763
492,162,9,1,952
493,163,27,4,2630
494,164,12,4,1768
495,164,40,1,835
496,164,31,4,762
497,164,27,4,488
498,165,17,3,350
499,166,50,2,1685
500,166,34,1,2072
501,166,43,2,2273
502,166,23,4,908
503,166,36,1,347
504,167,33,4,2330
505,167,11,1,2313
506,168,16,3,1439
507,168,4,2,2554
508,168,42,4,1951
509,169,6,4,2119
510,169,37,4,660
511,170,29,3,786
512,170,32,1,720
513,170,26,4,446
514,170,36,1,672
515,171,40,3,2382
516,171,36,2,2981
517,171,43,4,1696
518,171,24,1,1213
519,171,30,3,2594
520,172,39,4,2991
521,172,24,4,767
522,172,7,2,308
523,172,22,3,2895
524,172,19,3,735
525,173,11,4,875
526,174,7,3,2802
527,174,13,2,794
528,174,26,2,2172
529,174,13,3,741
530,175,3,1,2145
531,175,30,2,2343
532,175,1,1,2566
533,175,28,4,2382
534,176,45,2,825
535,176,7,4,2993
536,177,39,3,2364
537,177,25,4,2794
538,177,45,2,1420
539,177,26,3,1504
540,177,29,2,865
541,178,39,3,2543
542,178,21,2,1122
543,178,14,3,1714
544,178,44,2,2962
545,179,33,3,772
546,179,49,3,2603
547,180,38,4,2486
548,180,19,4,352
549,180,34,1,403
550,180,25,2,517
551,181,13,3,959
552,182,44,3,899
553,182,4,3,1135
554,182,49,1,1769
555,183,7,2,2950
556,183,36,4,1273
557,183,33,3,492
558,183,25,4,2006
559,184,36,1,353
560,184,48,3,1131
561,184,40,4,1223
562,185,49,2,1092
563,185,19,4,1026
564,185,44,1,1065
565,186,48,1,1845
566,186,3,4,1443
567,187,17,2,959
568,187,38,3,323
569,187,22,4,934
570,187,3,2,1621
571,187,39,1,2861
572,188,43,3,2309
573,188,37,3,598
574,188,46,3,2452
575,188,15,2,2432
576,188,5,2,2003
577,189,35,4,676
578,189,23,2,1173
579,189,43,3,1656
580,189,24,3,1194
581,189,49,4,2599
582,190,8,3,2125
583,191,42,2,463
584,191,44,3,1862
585,192,25,3,2512
586,193,2,3,2406
587,193,33,4,2293
588,193,3,3,2968
589,194,21,1,693
590,194,11,1,2867
591,195,14,2,2037
592,196,14,4,2948
593,197,48,2,397
594,198,46,3,455
595,198,6,1,522
596,198,12,3,2585
597,198,5,2,1359
598,199,25,4,2881
599,199,26,4,1595
600,199,2,4,784
601,199,35,1,2927
602,200,5,1,597
603,200,23,1,1487
604,200,44,3,2784
605,200,6,3,2092
606,200,25,4,426
607,201,11,2,858
608,201,48,4,2535
609,201,19,2,1520
610,201,44,3,345
611,202,36,2,804
612,202,3,1,2645
613,202,39,4,2500
614,202,36,1,1548
615,202,14,3,1167
616,203,42,2,959
617,203,12,2,2826
618,203,17,2,769
619,203,12,1,2548
620,204,42,1,1490
621,204,43,1,1326
622,204,7,2,2678
623,204,32,3,1762
624,205,43,2,709
625,205,19,1,1092
626,206,32,4,1644
627,206,40,3,2692
628,206,10,3,1595
629,207,11,1,1582
630,207,16,2,2924
631,207,28,3,1772
632,207,9,3,2265
633,208,29,3,1551
634,208,32,1,1019
635,208,42,1,1449
636,208,9,2,1378
637,209,47,1,376
638,210,41,1,2683
639,210,38,4,2716
640,210,14,1,2559
641,210,17,4,2978
642,210,50,2,1798
643,211,15,3,848
644,211,30,1,1925
645,211,24,1,1278
646,211,40,2,2405
647,212,29,2,1033
648,212,37,2,2280
649,213,3,2,2297
650,213,15,1,1382
651,213,24,2,475
652,214,34,3,1889
653,214,31,4,490
654,215,42,3,722
655,216,41,3,1378
656,216,38,2,1842
657,216,42,4,1796
658,216,38,1,2416
659,216,17,4,1212
660,217,26,3,1713
661,217,32,4,2774
662,217,1,2,2101
663,217,11,2,615
664,217,33,3,1166
665,218,12,2,1783
666,218,39,1,1243
667,219,22,1,2272
668,219,44,4,2262
669,219,14,2,2951
670,219,27,1,1298
671,220,9,2,851
672,221,3,2,529
673,221,11,3,1037
674,221,34,4,2754
675,221,37,1,1461
676,221,6,2,2139
677,222,31,4,998
678,222,15,4,2761
679,222,10,2,2852
680,222,43,3,986
681,222,47,3,2157
682,223,38,1,1241
683,223,25,4,841
684,223,7,1,1128
685,223,34,4,912
686,223,39,1,1026
687,224,40,1,2476
688,224,33,1,681
689,224,31,2,2771
690,224,35,1,2959
691,225,34,4,1817
692,225,3,4,1239
693,225,31,4,1735
694,225,38,1,2042
695,226,17,4,1252
696,226,6,3,2750
697,227,27,3,1074
698,227,1,1,2667
699,227,34,1,2428
700,227,1,4,2981
701,227,14,3,1974
702,228,7,2,2045
703,228,42,3,1370
704,228,35,4,2612
705,229,40,3,1927
706,229,49,2,1992
707,229,36,4,1032
708,230,36,4,1339
709,230,20,3,1930
710,230,48,2,3000
711,231,48,2,2129
712,232,7,2,2382
713,232,26,3,2555
714,233,45,1,958
715,233,25,1,673
716,233,10,4,2758
717,233,28,1,562
718,233,17,2,1818
719,234,39,1,1874
720,235,40,3,2747
721,235,4,2,2922
722,235,32,4,343
723,235,13,3,1097
724,236,39,2,2819
725,237,44,1,1773
726,237,16,1,944
727,238,18,4,1746
728,239,26,2,2420
729,239,1,1,669
730,239,36,3,2590
731,239,38,3,1723
732,240,15,2,2162
733,240,26,1,1369
734,240,12,4,2373
735,241,36,1,2360
736,242,22,1,2402
737,242,17,3,2113
738,242,25,4,1296
739,243,50,4,2187
740,243,38,1,2274
741,243,8,3,576
742,244,41,2,1241
743,244,21,4,1746
744,244,34,1,1378
745,244,16,3,680
746,245,44,3,611
747,245,36,2,2251
748,245,21,3,1195
749,245,37,3,1048
750,246,32,2,1261
751,246,48,2,1387
752,247,15,2,1322
753,247,40,3,938
754,248,8,1,2317
755,249,1,1,2275
756,249,24,3,2316
757,249,37,3,2310
758,249,12,3,1929
759,249,15,2,521
760,250,28,4,2514
761,250,3,3,1912
762,250,44,2,2172
763,250,8,4,1592
764,250,45,1,348
765,251,25,1,1632
766,251,24,3,1066
767,252,17,2,1403
768,252,31,3,1798
769,252,12,4,2036
770,252,14,4,1824
771,252,24,4,1445
772,253,12,2,2658
773,253,44,2,709
774,253,47,3,1265
775,253,36,4,1860
776,254,10,2,2237
777,254,1,2,2026
778,255,9,3,2293
779,255,20,3,2602
780,255,37,1,1931
781,255,7,2,545
782,256,17,4,2879
783,256,7,4,1670
784,257,24,3,2595
785,257,36,3,1709
786,257,2,4,796
787,258,44,2,2662
788,258,37,2,1465
789,258,23,3,2390
790,259,50,4,621
791,259,25,3,2199
792,259,41,2,986
793,259,41,3,2027
794,260,37,4,592
795,260,6,2,1707
796,260,15,3,1597
797,260,42,3,1395
798,260,39,4,1411
799,261,50,3,2704
800,261,34,4,1995
801,261,11,2,394
802,261,9,2,1330
803,262,14,2,1926
804,263,7,1,2238
805,264,4,1,1926
806,264,34,1,725
807,264,17,2,645
808,264,42,4,1567
809,264,15,2,1463
810,265,41,2,837
811,265,34,2,417
812,265,3,3,1632
813,265,31,4,2514
814,266,36,4,853
815,266,45,2,2720
816,266,39,4,2884
817,267,28,3,1722
818,267,31,2,666
819,267,29,3,1798
820,267,27,3,937
821,267,20,1,300
822,268,49,2,1708
823,268,19,4,2491
824,268,1,4,2254
825,268,20,1,2063
826,268,19,2,329
827,269,24,2,1986
828,269,36,4,1916
829,269,16,2,2945
830,269,25,4,1203
831,269,17,1,2029
832,270,34,3,1466
833,270,42,3,1991
834,271,5,2,859
835,271,19,1,2908
836,272,40,4,1414
837,272,45,4,1069
838,272,21,1,923
839,272,4,1,1061
840,273,19,3,812
841,274,47,1,1253
842,274,6,2,360
843,274,32,2,1700
844,274,27,3,2341
845,275,30,1,1652
846,275,6,2,529
847,275,18,4,592
848,276,31,2,1087
849,276,17,4,351
850,276,8,2,1876
851,276,50,4,1312
852,276,48,1,1115
853,277,48,1,2434
854,277,43,2,2236
855,277,25,3,1623
856,277,11,1,2551
857,278,8,3,2271
858,278,41,3,1113
859,278,24,1,1192
860,278,8,2,2892
861,278,28,3,361
862,279,18,1,1921
863,279,16,1,472
864,280,45,4,2742
865,280,10,3,666
866,280,16,2,2347
867,280,6,3,2860
868,280,4,1,1756
869,281,45,1,815
870,281,32,2,1597
871,282,42,3,2096
872,282,47,2,387
873,282,45,4,1767
874,282,47,2,1326
875,282,3,4,2092
876,283,19,4,1077
877,283,37,2,2526
878,283,23,3,2218
879,283,18,2,582
880,283,34,2,2140
881,284,17,3,2159
882,284,1,4,1059
883,284,2,3,2840
884,285,21,1,2996
885,285,35,4,1077
886,286,44,4,2558
887,286,10,3,1621
888,286,27,3,752
889,286,7,1,479
890,286,9,2,428
891,287,7,4,1084
892,287,7,1,2638
893,288,43,4,2453
894,288,40,3,501
895,288,24,2,2781
896,288,46,1,353
897,289,42,4,627
898,289,30,1,1778
899,290,48,4,1811
900,290,46,1,2826
901,290,18,1,588
902,290,20,1,1184
903,290,34,1,714
904,291,35,4,1076
905,291,13,2,2634
906,292,36,4,732
907,292,50,3,2178
908,293,7,2,1038
909,293,36,4,2367
910,293,22,2,2486
911,293,39,4,1743
912,294,36,3,1822
913,294,27,4,1624
914,294,39,2,2606
915,295,14,4,2553
916,295,48,3,1774
917,295,29,4,1926
918,295,1,1,1465
919,295,39,1,2420
920,296,20,1,1530
921,296,15,2,1589
922,297,50,3,2567
923,298,36,2,686
924,298,3,4,1756
925,298,10,2,1385
926,298,24,2,1254
927,298,17,3,676
928,299,26,2,616
929,299,47,3,2276
930,299,12,4,2660
931,299,7,3,453
932,299,47,4,621
933,300,50,3,1725
934,301,27,1,1228
935,301,48,1,2896
936,301,50,4,521
937,301,20,1,1607
938,302,37,2,1638
939,302,33,2,927
940,302,4,4,2125
941,302,49,1,1209
942,302,28,3,1915
943,303,9,3,638
944,303,31,1,2545
945,304,17,1,1932
946,304,33,4,834
947,304,49,2,2269
948,304,36,2,2298
949,305,42,2,2598
950,305,40,2,1292
951,305,5,3,2061
952,305,21,1,760
953,306,28,3,1726
954,306,13,3,1711
955,306,39,1,1548
956,306,11,3,2824
957,307,40,2,2104
958,307,3,2,1117
959,307,44,3,938
960,307,49,1,760
961,308,16,2,1478
962,309,22,1,1549
963,310,31,1,1659
964,310,14,2,1134
965,310,35,3,2547
966,310,31,2,375
967,311,38,1,1346
968,311,11,1,1463
969,311,13,3,517
970,311,30,1,572
971,312,43,3,1775
972,312,7,1,1498
973,312,42,4,1246
974,312,25,1,1592
975,313,39,1,1063
976,313,13,4,2596
977,313,46,1,462
978,313,16,3,1666
979,314,26,2,375
980,314,23,3,1755
981,314,41,3,1267
982,314,33,3,553
983,315,25,1,2573
984,315,18,2,921
985,315,22,4,2990
986,316,6,4,2432
987,316,44,2,2009
988,317,37,2,2046
989,317,20,3,2139
990,318,9,2,2972
991,318,9,2,865
992,318,20,2,2061
993,318,50,2,2987
994,318,37,2,1600
995,319,36,1,1054
996,320,10,1,1605
997,320,27,4,1542
998,320,29,3,922
999,321,7,2,1056
1000,321,2,3,2780
1001,322,40,2,2742
1002,322,15,2,406
1003,322,23,1,2252
1004,322,9,4,2960
1005,322,24,2,1887
1006,323,31,2,970
1007,323,13,2,432
1008,323,27,1,1405
1009,323,27,2,1130
1010,324,5,2,2099
1011,324,40,4,1630
1012,325,16,4,1958
1013,325,50,1,2790
1014,325,48,4,1581
1015,325,26,1,2432
1016,326,29,4,473
1017,327,34,4,460
1018,327,36,4,2414
1019,328,13,3,2100
1020,329,20,3,2189
1021,329,11,4,1505
1022,329,40,1,2417
1023,329,10,4,2946
1024,330,6,1,1036
1025,330,50,2,1910
1026,330,27,3,2146
1027,330,2,2,2158
1028,331,46,2,2162
1029,331,6,3,1627
1030,331,45,2,806
1031,331,6,1,2140
1032,331,41,3,649
1033,332,46,4,2395
1034,332,40,2,1851
1035,332,36,4,479
1036,332,50,2,1672
1037,332,37,2,964
1038,333,12,1,2018
1039,333,20,3,2127
1040,334,41,2,781
1041,334,9,2,314
1042,334,40,3,350
1043,335,32,4,2526
1044,335,1,4,1274
1045,335,14,4,2158
1046,335,27,4,625
1047,336,39,1,1302
1048,336,36,3,2838
1049,336,41,2,500
1050,336,12,2,525
1051,336,42,3,450
1052,337,3,3,1656
1053,337,6,1,746
1054,338,12,2,1464
1055,338,40,2,2165
1056,338,48,3,446
1057,338,6,3,1622
1058,339,25,1,2050
1059,339,36,1,1499
1060,339,31,2,799
1061,340,22,4,2448
1062,340,14,2,2806
1063,340,4,1,2640
1064,341,6,4,2777
1065,341,46,3,2049
1066,341,39,3,1363
1067,341,34,3,831
1068,341,40,4,2428
1069,342,32,2,2796
1070,342,15,3,1092
1071,342,1,1,398
1072,342,30,1,1149
1073,343,27,4,486
1074,343,22,3,2595
1075,343,41,2,346
1076,343,41,2,1453
1077,343,17,1,1560
1078,344,33,3,325
1079,344,8,3,1698
1080,344,26,1,1019
1081,345,22,3,2262
1082,345,31,1,2944
1083,346,31,2,2869
1084,346,30,3,2194
1085,347,48,1,2434
1086,347,20,3,2574
1087,347,35,1,1153
1088,347,37,3,1748
1089,348,10,3,427
1090,349,25,2,2638
1091,349,39,4,1067
1092,349,39,1,1562
1093,350,46,1,1412
1094,350,27,1,2335
1095,350,16,3,2151
1096,351,14,3,1016
1097,351,8,3,453
1098,351,50,2,679
1099,352,33,1,2276
1100,352,33,2,1079
1101,352,22,4,2444
1102,352,20,3,886
1103,353,34,2,1140
1104,354,30,4,2439
1105,355,1,3,480
1106,356,6,3,2212
1107,356,3,1,2432
1108,356,50,3,392
1109,356,37,3,2916
1110,356,14,3,1121
1111,357,19,3,2480
1112,357,21,4,781
1113,358,10,2,1420
1114,358,8,1,2851
1115,358,36,1,1146
1116,359,23,3,1410
1117,359,10,3,2651
1118,359,16,2,591
1119,359,20,3,2514
1120,359,29,1,832
1121,360,31,1,733
1122,361,4,1,2046
1123,361,26,2,2741
1124,361,38,4,2824
1125,361,23,3,1661
1126,362,46,1,2207
1127,362,37,2,680
1128,363,7,4,1571
1129,363,44,4,2227
1130,363,15,2,888
1131,363,40,3,1788
1132,364,12,3,1630
1133,364,30,4,423
1134,364,5,4,762
1135,364,23,4,2189
1136,365,19,3,2775
1137,365,37,2,2380
1138,366,26,1,1634
1139,367,42,1,1537
1140,367,35,4,1941
1141,367,38,4,1277
1142,367,40,2,2544
1143,367,11,4,1872
1144,368,22,2,2720
1145,369,28,3,2530
1146,369,45,2,1008
1147,369,43,1,2651
1148,369,32,1,2725
1149,370,30,3,2573
1150,370,7,4,1021
1151,370,20,4,585
1152,370,39,1,2742
1153,370,50,4,1641
1154,371,42,1,670
1155,371,14,2,2678
1156,371,49,1,900
1157,371,43,2,2155
1158,372,19,4,2821
1159,372,37,4,1101
1160,372,14,3,1527
1161,372,37,3,2080
1162,372,46,3,665
1163,373,1,4,822
1164,373,19,1,1812
1165,373,36,1,303
1166,373,46,3,749
1167,373,19,1,1263
1168,374,45,4,2860
1169,374,21,4,1963
1170,374,25,4,2532
1171,374,14,2,2245
1172,375,13,4,1775
1173,375,27,2,1481
1174,376,9,1,593
1175,376,42,1,889
1176,377,43,4,856
1177,377,6,2,2930
1178,377,27,4,2775
1179,377,28,2,2161
1180,378,28,4,1875
1181,378,23,2,1061
1182,378,28,1,2667
1183,378,32,2,2355
1184,378,18,4,2537
1185,379,24,1,455
1186,379,37,4,1809
1187,379,8,4,627
1188,379,10,3,2204
1189,379,34,1,2443
1190,380,6,2,2235
1191,380,41,1,2895
1192,380,35,3,2811
1193,380,4,3,2491
1194,380,50,1,2220
1195,381,33,4,2650
1196,381,47,3,2024
1197,381,23,3,1484
1198,381,11,1,2747
1199,382,47,3,551
1200,382,41,4,2668
1201,382,11,1,2988
1202,383,48,1,1474
1203,383,32,1,819
1204,383,33,1,1438
1205,384,9,3,1427
1206,384,17,1,756
1207,384,39,2,2723
1208,385,43,4,1814
1209,385,12,3,1267
1210,386,12,1,1704
1211,386,6,2,2739
1212,386,10,4,1991
1213,386,50,4,1274
1214,387,47,2,1163
1215,387,37,3,522
1216,387,42,3,775
1217,387,4,2,2200
1218,388,31,3,2250
1219,388,48,2,1855
1220,388,44,4,2243
1221,388,17,2,2472
1222,389,1,3,2138
1223,389,25,3,2471
1224,389,44,1,698
1225,389,35,3,2068
1226,390,42,3,1672
1227,390,18,3,702
1228,390,17,4,2188
1229,390,50,2,2711
1230,390,50,2,2429
1231,391,44,2,1583
1232,391,36,1,334
1233,391,5,1,1984
1234,392,34,1,2126
1235,393,15,3,1331
1236,393,13,1,397
1237,393,40,1,532
1238,394,43,2,2755
1239,394,41,1,791
1240,394,6,2,1839
1241,394,43,2,754
1242,394,45,2,1337
1243,395,30,1,2916
1244,395,30,3,2048
1245,395,45,3,1354
1246,396,50,1,1435
1247,396,50,1,1867
1248,397,22,1,1357
1249,397,17,2,2104
1250,397,5,4,1121
1251,397,40,4,1030
1252,398,7,2,2514
1253,398,50,4,1194
1254,398,40,1,2108
1255,398,46,3,723
1256,399,5,1,2640
1257,400,50,4,376
1258,400,32,2,2974
1259,400,41,1,454
1260,401,18,2,1650
1261,401,26,1,2411
1262,401,46,4,2258
1263,401,28,4,587
1264,402,15,1,1874
1265,402,45,4,796
1266,402,37,3,1665
1267,402,44,3,1940
1268,402,4,1,1796
1269,403,22,1,2182
1270,403,49,3,2953
1271,403,13,2,2571
1272,403,3,4,1082
1273,403,20,4,737
1274,404,32,1,2891
1275,404,29,2,873
1276,404,3,2,403
1277,405,16,4,1892
1278,405,5,3,2346
1279,405,35,4,367
1280,405,3,3,529
1281,405,22,1,1960
1282,406,14,4,2497
1283,407,48,2,595
1284,407,3,2,2302
1285,408,31,1,1294
1286,409,1,2,2891
1287,409,4,3,698
1288,410,40,2,2720
1289,410,5,1,767
1290,410,32,2,558
1291,410,13,4,1681
1292,411,21,1,2659
1293,411,35,2,1617
1294,411,14,1,2729
1295,411,12,3,558
1296,412,18,2,2000
1297,413,45,3,2566
1298,413,11,4,1297
1299,414,3,2,709
1300,414,41,4,946
1301,414,2,4,630
1302,414,1,1,1034
1303,414,6,3,2004
1304,415,45,2,1144
1305,415,10,3,2442
1306,415,29,4,1279
1307,415,12,1,2742
1308,416,46,4,2806
1309,416,6,3,1724
1310,417,1,2,1086
1311,417,8,1,2835
1312,417,24,2,2201
1313,417,50,2,1432
1314,418,13,1,911
1315,419,32,2,954
1316,419,43,1,521
1317,419,42,3,1467
1318,419,14,4,1329
1319,420,40,4,477
1320,420,7,1,2501
1321,420,12,2,419
1322,421,33,1,590
1323,421,16,4,2727
1324,421,38,3,2016
1325,421,13,3,1242
1326,422,21,2,701
1327,423,48,4,1119
1328,423,25,2,601
1329,424,38,4,522
1330,424,28,2,1185
1331,424,40,4,1029
1332,424,25,3,858
1333,425,47,2,2888
1334,425,23,3,1128
1335,425,22,2,431
1336,425,45,1,1449
1337,426,8,4,2178
1338,426,27,2,1707
1339,427,19,2,2913
1340,427,40,2,2667
1341,428,15,1,1986
1342,428,34,4,1186
1343,428,38,4,2195
1344,428,18,1,2053
1345,428,48,2,1315
1346,429,28,2,2723
1347,429,10,1,2011
1348,429,3,1,2227
1349,430,3,4,2475
1350,430,26,4,701
1351,430,29,4,1285
1352,430,6,1,1965
1353,430,14,2,1768
1354,431,16,1,365
1355,431,31,3,962
1356,431,46,4,2636
1357,432,2,4,2199
1358,432,50,2,1960
1359,432,12,3,2867
1360,432,30,1,2869
1361,432,5,4,1663
1362,433,3,3,2044
1363,433,49,3,2808
1364,433,35,2,631
1365,433,40,3,524
1366,433,33,3,511
1367,434,25,3,2206
1368,435,3,3,1800
1369,435,12,1,2596
1370,435,46,2,866
1371,435,22,2,2510
1372,435,8,4,2676
1373,436,49,2,1612
1374,436,23,3,2362
1375,437,18,1,559
1376,437,24,3,2153
1377,437,32,1,2225
1378,437,46,3,2151
1379,438,24,1,1071
1380,438,30,1,628
1381,438,26,2,1481
1382,438,5,1,974
1383,438,18,1,906
1384,439,10,2,2432
1385,439,41,1,1500
1386,439,27,2,2241
1387,439,23,4,2118
1388,440,19,2,557
1389,441,15,3,1986
1390,442,22,3,2291
1391,442,38,4,2175
1392,442,20,2,1555
1393,442,11,3,1228
1394,442,31,3,1480
1395,443,10,3,1464
1396,444,11,2,2492
1397,444,19,2,1018
1398,444,46,2,960
1399,444,16,1,468
1400,445,37,2,2105
1401,445,17,3,1055
1402,445,14,1,1598
1403,446,10,3,2136
1404,446,35,2,2485
1405,446,20,1,402
1406,447,32,2,2176
1407,447,21,2,317
1408,447,48,3,2951
1409,447,46,3,2241
1410,448,49,2,2615
1411,448,47,4,1687
1412,448,45,1,2261
1413,449,9,1,1561
1414,450,26,2,2126
1415,451,6,3,525
1416,451,39,2,2689
1417,451,34,2,1438
1418,452,2,1,2505
1419,452,29,1,2396
1420,453,13,4,1601
1421,453,39,1,1778
1422,453,26,2,2051
1423,453,24,4,1827
1424,454,19,3,1739
1425,455,29,1,1183
1426,455,47,4,2002
1427,455,29,3,970
1428,456,47,4,871
1429,456,38,1,888
1430,456,14,3,2244
1431,456,34,3,570
1432,457,49,4,662
1433,457,1,4,2916
1434,457,18,4,1016
1435,457,36,4,2626
1436,457,49,2,1116
1437,458,25,3,2568
1438,458,32,1,1536
1439,459,20,4,2590
1440,459,48,4,1219
1441,459,2,1,930
1442,459,17,3,2923
1443,459,41,4,808
1444,460,27,2,2314
1445,460,45,2,416
1446,460,8,3,2319
1447,461,39,3,2680
1448,462,37,4,1356
1449,462,41,4,789
1450,462,24,1,1363
1451,462,11,1,898
1452,463,30,2,1763
1453,463,11,1,1416
1454,463,24,4,2906
1455,464,4,3,1494
1456,464,34,1,2404
1457,464,13,2,687
1458,465,49,2,2527
1459,465,21,3,1533
1460,465,18,3,692
1461,465,35,3,888
1462,465,1,2,2422
1463,466,24,4,1987
1464,466,22,2,719
1465,466,14,2,2361
1466,467,13,1,2009
1467,467,30,1,777
1468,468,2,4,1726
1469,468,20,3,869
1470,469,39,3,1005
1471,469,46,3,417
1472,469,48,1,1210
1473,469,9,2,1228
1474,470,9,2,833
1475,470,6,4,757
1476,470,5,1,2283
1477,471,3,2,741
1478,471,3,1,2221
1479,471,8,3,477
1480,471,5,3,342
1481,472,8,2,2706
1482,473,12,3,419
1483,473,6,2,1436
1484,474,23,3,957
1485,474,33,2,2368
1486,474,37,1,705
1487,474,38,1,2466
1488,474,14,2,1454
1489,475,49,1,704
1490,475,14,4,1801
1491,476,12,4,739
1492,476,12,3,1854
1493,476,28,2,2406
1494,476,15,4,762
1495,476,49,3,806
1496,477,8,2,2330
1497,477,49,3,1480
1498,477,36,1,636
1499,477,21,4,773
1500,478,19,4,2759
1501,478,48,3,2118
1502,478,15,4,1490
1503,478,28,2,585
1504,479,44,3,1034
1505,479,1,4,730
1506,479,26,4,2440
1507,479,43,1,788
1508,480,26,4,2718
1509,480,7,2,565
1510,481,13,3,1120
1511,481,39,4,802
1512,481,15,4,2344
1513,482,49,3,2937
1514,482,26,3,2248
1515,482,43,4,2284
1516,483,18,2,2162
1517,483,7,1,1326
1518,483,32,4,1245
1519,483,41,2,421
1520,483,7,1,579
1521,484,44,1,1033
1522,484,25,3,925
1523,484,20,1,613
1524,484,43,4,2208
1525,485,19,4,2308
1526,485,33,3,2521
1527,486,35,1,429
1528,486,28,1,1871
1529,486,29,3,1841
1530,487,30,1,434
1531,487,12,3,972
1532,487,32,4,850
1533,487,20,4,2296
1534,488,37,4,2568
1535,489,37,4,2249
1536,489,36,2,2375
1537,489,4,4,1378
1538,489,32,4,2826
1539,489,44,3,1465
1540,490,4,1,2718
1541,490,3,2,1800
1542,490,23,1,2860
1543,491,25,1,2053
1544,491,23,3,1987
1545,491,23,1,1300
1546,492,16,3,2727
1547,492,6,1,1548
1548,493,22,2,380
1549,494,21,1,2187
1550,494,43,4,2626
1551,494,33,4,1392
1552,494,2,4,2708
1553,494,2,3,1847
1554,495,25,3,2645
1555,495,7,4,709
1556,495,45,2,1676
1557,495,32,3,982
1558,495,40,3,1788
1559,496,13,4,2902
1560,496,5,2,1477
1561,496,17,1,1517
1562,496,37,4,1225
1563,497,48,1,2668
1564,497,7,3,1419
1565,497,5,4,2049
1566,497,14,3,614
1567,497,42,3,2367
1568,498,28,3,1119
1569,498,27,4,1329
1570,498,40,4,2542
1571,499,2,2,2662
1572,499,32,2,2214
1573,500,41,4,2618
1574,500,47,1,2439
1575,500,13,3,2194
1576,501,16,2,1529
1577,501,28,4,1605
1578,502,41,2,1989
1579,503,19,2,1350
1580,503,44,2,1962
1581,503,16,1,914
1582,504,2,2,1571
1583,504,30,4,2593
1584,505,28,1,1127
1585,505,11,3,858
1586,505,2,3,1437
1587,505,43,2,2939
1588,506,47,4,381
1589,507,6,3,2764
1590,508,5,4,1788
1591,508,43,1,1925
1592,508,47,2,1266
1593,509,37,1,2437
1594,510,50,3,2333
1595,510,6,2,2756
1596,510,8,3,1648
1597,510,38,4,1266
1598,510,28,2,890
1599,511,12,2,1424
1600,512,27,3,2714
1601,512,4,4,2485
1602,512,24,1,1596
1603,512,35,4,2245
1604,513,18,2,1786
1605,513,31,3,1562
1606,514,42,1,523
1607,515,17,4,1566
1608,515,41,3,799
1609,516,16,4,1891
1610,516,1,4,1346
1611,516,20,1,1264
1612,516,20,2,956
1613,516,29,3,2939
1614,517,3,3,628
1615,517,50,4,2229
1616,517,48,4,1662
1617,517,46,4,711
1618,518,45,3,2373
1619,518,5,3,2023
1620,519,47,3,2156
1621,519,45,1,513
1622,519,42,2,2881
1623,519,29,2,312
1624,519,26,2,2873
1625,520,21,1,753
1626,520,11,2,2415
1627,520,46,2,2733
1628,521,21,4,2259
1629,521,48,2,1367
1630,521,12,3,1454
1631,521,13,1,1997
1632,522,12,4,1845
1633,522,37,2,384
1634,522,2,2,664
1635,523,13,3,991
1636,523,4,4,2831
1637,523,28,3,911
1638,523,6,3,996
1639,524,8,1,2453
1640,524,28,4,2324
1641,524,8,2,1132
1642,524,13,3,1479
1643,524,48,4,1864
1644,525,28,2,2757
1645,525,14,3,1075
1646,526,12,4,897
1647,526,2,3,1372
1648,526,16,4,1317
1649,526,24,4,651
1650,527,31,2,1624
1651,528,44,2,1870
1652,528,46,4,2746
1653,528,17,1,690
1654,528,36,1,513
1655,529,16,4,1751
1656,529,39,1,321
1657,529,17,4,1539
1658,530,43,3,841
1659,530,36,1,2677
1660,530,12,3,995
1661,530,33,4,1689
1662,531,9,1,1599
1663,531,46,4,880
1664,531,17,1,1583
1665,531,3,2,2344
1666,532,48,3,2061
1667,532,19,3,2810
1668,532,49,3,2417
1669,533,28,2,1592
1670,533,48,4,919
1671,533,36,4,517
1672,534,10,1,1241
1673,534,12,1,2226
1674,535,11,4,2087
1675,535,8,4,467
1676,535,29,3,2597
1677,536,30,4,760
1678,536,47,2,806
1679,536,23,1,1134
1680,536,19,2,989
1681,537,18,2,2690
1682,537,1,2,2005
1683,537,5,2,2340
1684,537,44,1,1646
1685,537,2,3,799
1686,538,24,1,1625
1687,538,10,1,632
1688,538,30,4,2159
1689,538,41,3,2733
1690,539,22,1,2987
1691,540,29,3,2631
1692,540,9,2,499
1693,540,42,3,1623
1694,540,4,1,2541
1695,540,39,4,679
1696,541,17,2,1283
1697,541,50,4,665
1698,541,2,2,967
1699,541,25,4,1467
1700,542,8,3,2310
1701,542,28,3,2771
1702,543,23,1,1805
1703,543,33,2,2305
1704,544,25,4,1399
1705,544,37,4,669
1706,544,49,4,1808
1707,544,40,2,2078
1708,545,6,1,2402
1709,545,22,4,1218
1710,545,42,2,2328
1711,545,34,1,1490
1712,546,28,1,2256
1713,546,20,2,823
1714,546,44,3,1318
1715,546,34,4,1510
1716,547,4,1,484
1717,547,33,1,2391
1718,547,28,4,687
1719,547,30,3,1755
1720,547,17,1,2362
1721,548,8,4,1035
1722,549,26,1,641
1723,549,27,3,1585
1724,550,47,4,2142
1725,550,40,3,1698
1726,550,12,2,1058
1727,550,6,3,735
1728,550,28,1,323
1729,551,8,1,1003
1730,551,42,4,2184
1731,551,45,4,2994
1732,551,48,4,1540
1733,552,40,3,1917
1734,552,20,1,812
1735,552,9,1,1081
1736,552,8,1,1070
1737,552,2,2,2270
1738,553,42,2,2084
1739,553,41,2,652
1740,554,50,4,906
1741,554,31,4,389
1742,554,8,2,924
1743,555,32,4,380
1744,555,29,2,1124
1745,555,19,4,508
1746,555,22,1,720
1747,556,27,4,2670
1748,556,39,3,451
1749,556,32,4,2291
1750,556,33,4,1249
1751,557,34,1,2028
1752,558,21,1,1397
1753,558,42,4,2238
1754,558,8,4,2850
1755,558,42,3,2136
1756,558,45,4,385
1757,559,19,2,2222
1758,559,23,4,1250
1759,560,15,3,2766
1760,560,46,4,837
1761,560,19,4,2007
1762,560,44,3,2234
1763,560,11,2,1456
1764,561,43,4,828
1765,562,13,2,2781
1766,562,32,1,2003
1767,563,20,2,1157
1768,563,36,1,374
1769,563,23,3,1762
1770,563,44,2,1015
1771,564,3,1,1683
1772,564,28,1,2829
1773,564,15,1,2601
1774,564,15,4,1356
1775,564,22,3,491
1776,565,18,2,2411
1777,565,39,1,506
1778,565,29,4,754
1779,565,7,1,2603
1780,565,3,1,984
1781,566,14,3,943
1782,567,46,4,2372
1783,567,32,1,931
1784,567,42,3,1670
1785,568,8,2,2098
1786,568,27,1,1304
1787,569,22,3,2368
1788,569,11,1,1389
1789,569,24,4,1777
1790,569,41,2,920
1791,570,27,2,865
1792,570,28,4,1976
1793,570,30,3,421
1794,570,29,2,340
1795,570,46,1,647
1796,571,21,4,973
1797,571,28,1,1910
1798,571,49,1,2927
1799,572,37,1,2887
1800,572,46,3,2017
1801,573,44,3,1584
1802,573,23,1,1445
1803,573,34,2,1954
1804,573,29,2,2529
1805,574,40,4,1714
1806,574,42,4,1108
1807,574,20,1,451
1808,574,35,3,1897
1809,574,47,2,2431
1810,575,19,2,680
1811,575,33,3,2435
1812,575,22,2,395
1813,575,2,3,1288
1814,575,50,3,2031
1815,576,8,1,1827
1816,576,17,3,807
1817,576,4,1,2138
1818,576,20,1,2156
1819,576,22,2,2682
1820,577,46,2,1734
1821,577,20,3,2646
1822,577,44,2,1846
1823,577,34,2,731
1824,577,21,2,1779
1825,578,7,2,2043
1826,578,27,1,677
1827,578,4,4,832
1828,578,31,2,2127
1829,579,24,4,2709
1830,580,34,4,1380
1831,580,38,4,2906
1832,580,28,4,2305
1833,580,47,4,967
1834,580,10,2,2285
1835,581,9,1,1170
1836,581,30,4,433
1837,581,48,2,2589
1838,581,24,1,2764
1839,582,8,1,1813
1840,582,37,3,464
1841,582,34,2,782
1842,582,24,3,1833
1843,583,19,4,414
1844,583,10,2,2715
1845,583,27,1,1549
1846,584,14,2,2302
1847,584,1,1,2542
1848,584,23,1,483
1849,585,31,3,2617
1850,585,29,3,1845
1851,585,31,2,867
1852,585,33,4,2142
1853,586,10,3,665
1854,586,40,4,1886
1855,586,15,4,1688
1856,586,35,1,2114
1857,587,42,1,978
1858,587,46,1,2642
1859,587,41,3,2598
1860,588,42,1,1088
1861,589,35,1,2635
1862,589,34,2,2249
1863,589,33,1,792
1864,589,43,2,377
1865,589,18,2,1304
1866,590,29,1,2485
1867,590,39,3,1945
1868,590,38,1,2313
1869,590,2,3,2090
1870,590,12,4,398
1871,591,21,4,1353
1872,591,6,1,706
1873,591,35,2,1468
1874,591,10,2,1346
1875,591,50,1,931
1876,592,27,2,541
1877,592,40,3,1043
1878,592,2,1,1520
1879,593,7,3,883
1880,593,27,3,1356
1881,593,25,1,512
1882,593,13,2,2745
1883,594,16,4,2383
1884,594,49,4,771
1885,594,18,1,1603
1886,594,30,4,568
1887,594,31,1,1969
1888,595,2,3,2569
1889,595,38,1,1308
1890,596,42,2,1547
1891,596,37,4,2126
1892,596,6,2,883
1893,596,24,2,1304
1894,596,35,4,2573
1895,597,3,1,2203
1896,597,40,3,2974
1897,597,11,1,546
1898,597,31,3,2748
1899,598,44,4,1739
1900,598,41,2,2696
1901,598,33,3,486
1902,599,48,1,1531
1903,599,6,4,803
1904,600,47,3,2069
1905,600,14,3,1703
1906,601,49,4,1418
1907,601,16,3,1699
1908,601,14,4,2755
1909,602,2,2,2947
1910,602,1,4,317
1911,602,1,2,1992
1912,603,45,4,1908
1913,603,35,1,2958
1914,603,42,1,2506
1915,603,2,4,805
1916,603,23,4,2762
1917,604,25,2,334
1918,604,8,4,1817
1919,604,13,4,338
1920,605,48,1,1451
1921,605,44,3,1084
1922,606,40,3,1205
1923,607,32,3,450
1924,607,18,4,2782
1925,608,1,2,2915
1926,608,26,1,1436
1927,609,33,4,998
1928,609,36,2,2617
1929,609,44,2,567
1930,609,38,2,566
1931,609,9,3,2634
1932,610,34,3,1085
1933,610,44,1,2482
1934,611,17,4,308
1935,611,28,1,1623
1936,611,28,4,1422
1937,611,8,4,2329
1938,611,24,1,1219
1939,612,18,4,2480
1940,613,21,1,1905
1941,613,13,3,635
1942,613,37,1,1224
1943,613,45,4,604
1944,614,13,2,1648
1945,614,20,1,2864
1946,615,2,4,2069
1947,616,38,3,1325
1948,617,7,4,1276
1949,617,22,1,1666
1950,618,16,1,2757
1951,618,40,4,691
1952,618,41,4,2671
1953,618,8,1,548
1954,618,3,4,1583
1955,619,9,1,2110
1956,620,20,4,569
1957,621,44,1,2590
1958,622,19,4,1945
1959,623,40,4,1254
1960,624,43,1,2157
1961,624,25,4,2053
1962,624,40,1,1691
1963,624,42,1,2159
1964,624,34,3,2707
1965,625,7,1,350
1966,625,39,1,2728
1967,626,37,2,2910
1968,626,33,3,1755
1969,627,31,4,1061
1970,627,16,2,480
1971,627,4,2,1576
1972,627,38,4,2401
1973,628,20,2,903
1974,628,31,3,2771
1975,628,22,3,1810
1976,629,34,2,534
1977,630,33,1,2028
1978,630,23,2,1120
1979,631,5,3,1075
1980,631,43,4,2214
1981,632,45,3,2669
1982,632,37,3,2823
1983,632,20,4,1646
1984,632,11,1,2160
1985,632,3,4,1198
1986,633,41,2,1243
1987,634,40,2,1279
1988,634,31,3,1839
1989,634,14,4,1054
1990,634,1,3,340
1991,635,23,1,2572
1992,636,10,3,2103
1993,637,41,3,479
1994,637,2,2,1110
1995,638,12,2,1373
1996,638,47,2,1691
1997,638,36,2,1031
1998,639,2,2,1372
1999,639,7,1,862
2000,640,42,1,1686
2001,640,14,3,2168
2002,640,16,3,1825
2003,640,43,2,2458
2004,641,28,1,785
2005,641,10,2,1076
2006,641,13,4,1832
2007,641,21,4,2905
2008,641,16,1,2823
2009,642,13,3,908
2010,642,21,2,518
2011,642,41,3,817
2012,642,33,4,1157
2013,642,47,1,2227
2014,643,5,2,2383
2015,643,25,3,2342
2016,643,34,4,1033
2017,643,21,3,2452
2018,643,45,4,2326
2019,644,18,4,2913
2020,644,38,1,1148
2021,644,15,2,2151
2022,644,16,4,1195
2023,645,28,4,2640
2024,645,11,3,1342
2025,645,36,1,850
2026,646,19,4,2425
2027,647,15,1,2205
2028,647,33,3,2045
2029,647,29,4,2071
2030,648,24,4,1598
2031,648,18,4,401
2032,648,12,4,1257
2033,648,17,1,1770
2034,649,19,1,1432
2035,650,7,1,592
2036,650,24,1,2536
2037,651,22,2,1648
2038,651,17,3,1424
2039,652,46,2,2524
2040,652,17,1,1526
2041,653,23,4,1961
2042,653,38,1,2233
2043,653,42,2,1928
2044,654,15,2,2243
2045,654,15,4,2189
2046,655,6,3,1069
2047,655,28,4,1158
2048,655,29,4,2587
2049,656,24,2,2665
2050,657,20,1,2347
2051,657,43,3,1691
2052,658,27,4,1952
2053,658,49,3,1635
2054,659,2,1,869
2055,659,10,3,2627
2056,659,41,4,1861
2057,659,14,4,560
2058,659,35,4,1071
2059,660,7,3,2632
2060,660,29,3,681
2061,660,11,1,2564
2062,660,12,1,2771
2063,661,2,2,1115
2064,661,5,4,1462
2065,661,14,2,1492
2066,661,43,1,2162
2067,662,24,1,1003
2068,663,27,4,943
2069,663,8,2,2497
2070,663,27,4,581
2071,664,14,2,1142
2072,664,20,4,2244
2073,664,11,3,2706
2074,664,13,4,1428
2075,665,1,2,2125
2076,665,5,4,2777
2077,666,34,3,2631
2078,666,32,4,2195
2079,667,3,1,1479
2080,667,42,4,1720
2081,667,45,3,1901
2082,667,40,2,2000
2083,667,16,2,2830
2084,668,30,4,2999
2085,668,12,1,1911
2086,668,45,1,1281
2087,668,11,3,2872
2088,669,19,1,1189
2089,669,32,4,2564
2090,669,8,3,613
2091,669,49,1,2366
2092,669,50,3,1979
2093,670,11,3,1149
2094,670,33,1,2193
2095,670,2,1,2916
2096,670,45,4,1861
2097,671,48,4,1096
2098,671,26,1,343
2099,671,17,1,859
2100,672,43,4,2285
2101,672,30,1,638
2102,672,36,2,2092
2103,673,31,3,960
2104,673,11,1,2786
2105,674,12,3,808
2106,675,48,4,989
2107,675,5,1,1419
2108,675,10,4,1766
2109,675,12,2,441
2110,675,44,2,2110
2111,676,41,1,1899
2112,677,29,1,2750
2113,677,1,1,1845
2114,677,50,2,1322
2115,678,16,2,674
2116,678,2,4,414
2117,678,1,3,1087
2118,679,15,1,987
2119,680,3,4,2399
2120,680,7,3,1621
2121,681,41,2,2858
2122,681,14,4,2052
2123,681,8,2,1175
2124,681,7,3,1624
2125,681,12,1,1947
2126,682,1,4,1171
2127,682,30,2,570
2128,682,43,3,2962
2129,683,24,1,575
2130,683,14,4,1535
2131,683,50,4,717
2132,683,46,2,1331
2133,683,7,3,2884
2134,684,44,2,1660
2135,684,12,3,2274
2136,684,5,3,372
2137,684,39,4,1866
2138,685,41,2,2362
2139,685,38,1,1252
2140,685,2,1,1565
2141,685,16,4,1297
2142,685,40,1,545
2143,686,24,4,1514
2144,686,13,2,1839
2145,687,42,1,1275
2146,687,47,4,1646
2147,688,18,3,2936
2148,688,49,1,2433
2149,689,42,3,397
2150,689,15,3,1703
2151,689,16,2,2509
2152,689,4,2,1211
2153,690,25,3,1051
2154,690,29,1,564
2155,690,32,1,1088
2156,690,4,2,1136
2157,690,9,1,1011
2158,691,36,2,1267
2159,691,33,1,2045
2160,691,47,4,1575
2161,691,11,2,1303
2162,691,28,2,2781
2163,692,20,3,2661
2164,692,29,2,1413
2165,693,6,3,1931
2166,693,25,2,2228
2167,693,29,4,2369
2168,693,40,4,938
2169,694,2,4,2050
2170,694,6,3,2737
2171,694,35,2,2564
2172,694,47,2,1353
2173,695,30,3,2157
2174,695,19,4,2602
2175,695,39,4,594
2176,695,22,2,2222
2177,696,10,2,317
2178,696,1,3,2312
2179,697,27,4,1828
2180,697,25,4,1560
2181,697,42,1,1974
2182,697,3,1,1876
2183,698,11,2,2087
2184,698,17,3,2387
2185,698,46,4,2900
2186,698,45,3,536
2187,698,42,4,2036
2188,699,16,4,441
2189,699,24,1,2943
2190,700,17,4,903
2191,700,17,2,2766
2192,701,43,2,350
2193,701,8,1,2939
2194,701,46,4,1928
2195,701,46,1,2423
2196,701,13,4,979
2197,702,17,3,2350
2198,702,35,4,2700
2199,702,20,4,664
2200,702,7,3,884
2201,703,48,2,1930
2202,703,45,3,326
2203,703,11,4,306
2204,704,5,4,2450
2205,705,42,3,2065
2206,705,11,2,1834
2207,705,12,2,1111
2208,705,32,2,2358
2209,706,29,2,1060
2210,707,4,2,1085
2211,707,17,4,2105
2212,708,7,2,626
2213,708,19,1,1847
2214,708,8,3,563
2215,708,22,1,2698
2216,708,16,4,2287
2217,709,1,1,1389
2218,710,43,1,696
2219,711,34,1,1838
2220,711,39,3,2290
2221,712,49,3,2775
2222,712,28,3,1818
2223,712,44,3,1591
2224,712,16,3,1932
2225,713,40,1,1758
2226,713,22,1,312
2227,713,30,4,868
2228,713,2,1,2473
2229,714,45,2,1809
2230,714,29,4,2409
2231,714,27,2,312
2232,715,2,3,487
2233,715,48,3,2119
2234,715,15,4,1939
2235,716,6,3,2052
2236,716,31,1,1876
2237,716,19,2,886
2238,716,34,1,823
2239,716,32,1,1534
2240,717,30,2,2127
2241,717,8,4,2514
2242,717,16,2,1166
2243,717,11,1,732
2244,717,28,1,956
2245,718,25,3,1202
2246,718,47,3,2250
2247,718,43,1,856
2248,719,41,4,670
2249,719,45,3,1216
2250,719,37,1,2937
2251,719,22,4,1863
2252,719,42,4,1255
2253,720,17,1,1491
2254,720,6,1,665
2255,721,48,2,775
2256,721,37,3,821
2257,721,21,4,2663
2258,722,20,1,2716
2259,723,13,4,2035
2260,723,21,3,817
2261,723,34,2,736
2262,723,26,1,2504
2263,723,30,3,892
2264,724,15,4,2166
2265,724,10,3,897
2266,724,48,1,2753
2267,725,20,1,1420
2268,725,46,4,2884
2269,725,14,4,1493
2270,726,4,3,925
2271,726,46,2,1221
2272,726,45,1,1033
2273,726,32,4,1525
2274,727,2,4,1682
2275,727,28,4,1726
2276,728,26,1,2462
2277,728,47,3,1456
2278,728,45,2,2544
2279,728,26,1,836
2280,729,49,1,1545
2281,729,30,2,2664
2282,729,9,4,2276
2283,730,10,2,1193
2284,730,48,2,2967
2285,730,1,3,2657
2286,731,44,2,1842
2287,732,44,2,530
2288,732,7,3,2240
2289,732,12,1,780
2290,732,33,3,2730
2291,733,10,4,1303
2292,733,3,1,1286
2293,733,26,4,1539
2294,733,45,2,2973
2295,734,50,1,2199
2296,734,42,4,1427
2297,734,41,4,1804
2298,734,1,1,777
2299,735,8,4,2927
2300,736,15,1,2703
2301,736,37,4,1421
2302,736,45,1,2728
2303,736,12,4,2283
2304,736,42,4,1522
2305,737,9,1,1632
2306,737,5,2,1960
2307,737,45,1,1912
2308,737,36,4,561
2309,737,34,1,1149
2310,738,12,2,321
2311,739,29,3,803
2312,739,3,2,2655
2313,739,14,2,659
2314,739,36,3,443
2315,739,6,1,2373
2316,740,24,2,2032
2317,740,43,1,1317
2318,740,20,1,2427
2319,741,43,4,872
2320,741,37,4,1581
2321,741,34,3,2782
2322,742,33,2,705
2323,742,43,1,1271
2324,742,3,2,880
2325,742,20,2,849
2326,742,39,2,2723
2327,743,18,2,2848
2328,743,28,1,2552
2329,743,17,3,1863
2330,744,26,4,641
2331,744,17,4,886
2332,745,14,1,2878
2333,745,47,3,2893
2334,745,45,2,1824
2335,745,37,2,2019
2336,745,10,3,2076
2337,746,2,2,617
2338,746,18,1,2476
2339,746,8,4,570
2340,746,22,1,1786
2341,747,50,3,899
2342,747,15,3,340
2343,747,7,4,1210
2344,748,7,1,1019
2345,748,34,3,2711
2346,748,32,1,2466
2347,748,23,3,2559
2348,749,39,1,496
2349,749,11,3,1895
2350,749,12,3,2477
2351,750,39,4,2253
2352,750,38,2,1361
2353,750,1,2,2993
2354,750,9,2,1851
2355,750,37,3,516
2356,751,46,2,2793
2357,751,27,4,1049
2358,751,29,3,2219
2359,752,19,3,2052
2360,752,34,2,1550
2361,752,41,1,1551
2362,752,27,3,669
2363,752,41,1,614
2364,753,6,2,2656
2365,753,4,1,1470
2366,754,32,1,2036
2367,754,44,2,2264
2368,754,32,1,1960
2369,754,1,2,329
2370,754,46,4,2488
2371,755,16,1,2787
2372,755,29,2,2444
2373,755,15,2,607
2374,756,9,3,508
2375,756,28,4,1852
2376,756,11,3,763
2377,757,44,2,2508
2378,757,50,1,1488
2379,757,20,4,1502
2380,758,14,1,2885
2381,758,37,4,1190
2382,758,20,1,2196
2383,759,32,1,1757
2384,759,1,4,1645
2385,759,20,3,738
2386,759,1,3,1062
2387,759,26,3,336
2388,760,28,4,1109
2389,761,34,2,1982
2390,762,32,1,937
2391,763,15,4,1919
2392,763,24,3,1792
2393,763,28,2,2497
2394,764,7,4,2988
2395,764,29,2,872
2396,764,23,4,323
2397,765,46,2,753
2398,765,13,3,464
2399,765,9,4,2024
2400,766,3,2,1115
2401,766,31,3,786
2402,766,27,4,2553
2403,767,44,2,1630
2404,767,49,4,2355
2405,767,47,4,838
2406,767,8,1,386
2407,768,10,3,2348
2408,768,1,2,513
2409,769,28,1,2079
2410,769,31,3,1455
2411,769,32,1,2056
2412,770,40,2,2394
2413,770,12,2,1451
2414,771,17,2,2057
2415,772,31,1,2357
2416,772,40,2,1072
2417,773,41,2,1239
2418,773,8,2,1943
2419,773,3,3,1087
2420,773,10,4,372
2421,773,40,2,672
2422,774,25,4,2450
2423,775,45,2,1208
2424,775,22,4,2262
2425,775,4,4,2937
2426,776,20,1,1402
2427,777,18,3,2012
2428,777,16,3,494
2429,777,12,1,302
2430,778,43,3,1168
2431,779,31,3,2784
2432,779,7,4,1057
2433,779,17,4,1789
2434,780,20,1,696
2435,780,43,1,2560
2436,780,50,2,1656
2437,781,48,3,2712
2438,781,34,3,1275
2439,781,42,3,1160
2440,782,25,1,735
2441,782,9,1,468
2442,782,38,2,1090
2443,782,46,4,704
2444,782,5,3,1534
2445,783,49,2,2485
2446,783,47,2,479
2447,783,9,2,2012
2448,783,36,3,2595
2449,784,24,4,2879
2450,784,46,1,2086
2451,784,5,4,2016
2452,785,33,1,983
2453,785,39,3,828
2454,785,19,1,2619
2455,785,4,2,1928
2456,785,32,1,977
2457,786,49,4,2603
2458,786,50,4,1941
2459,786,39,3,1147
2460,786,12,1,955
2461,787,14,1,2400
2462,787,30,3,1542
2463,787,15,3,1399
2464,787,36,1,1000
2465,787,15,1,2485
2466,788,19,1,2919
2467,788,10,3,844
2468,789,4,2,1160
2469,789,35,1,305
2470,789,42,3,2891
2471,790,24,3,640
2472,790,46,3,847
2473,790,27,3,1629
2474,790,4,1,1756
2475,790,15,3,1023
2476,791,2,1,1864
2477,791,42,3,2865
2478,791,41,2,2111
2479,792,21,3,1135
2480,792,38,4,937
2481,793,15,4,1809
2482,793,10,4,683
2483,793,32,2,2181
2484,793,12,2,1073
2485,794,32,2,2952
2486,794,19,1,1570
2487,794,11,2,1914
2488,794,44,2,584
2489,794,10,1,2046
2490,795,30,4,710
2491,795,47,2,348
2492,796,7,4,1872
2493,796,2,1,355
2494,796,49,1,841
2495,796,16,1,1396
2496,796,10,1,338
2497,797,35,3,648
2498,798,9,4,2605
2499,798,29,2,1559
2500,799,31,2,1298
2501,799,4,3,2870
2502,799,35,1,386
2503,800,7,3,720
2504,801,27,2,304
2505,801,15,1,1228
2506,801,28,4,903
2507,801,23,3,1225
2508,801,44,4,760
2509,802,11,1,1219
2510,802,7,3,1763
2511,802,5,3,784
2512,802,24,1,477
2513,803,10,2,2055
2514,803,34,3,2756
2515,803,12,4,915
2516,803,43,3,2859
2517,803,19,3,725
2518,804,32,3,1387
2519,804,46,1,308
2520,804,10,2,1611
2521,805,25,4,2259
2522,805,5,1,2666
2523,806,47,3,892
2524,806,6,3,822
2525,806,12,4,1744
2526,806,21,4,2036
2527,807,45,4,2764
2528,807,41,3,866
2529,807,42,2,1869
2530,807,27,4,2506
2531,808,32,2,1875
2532,808,6,4,2458
2533,808,37,2,657
2534,808,16,3,311
2535,808,14,1,1784
2536,809,31,2,751
2537,809,4,3,1778
2538,809,50,2,1507
2539,809,30,2,2558
2540,809,27,2,1163
2541,810,4,2,780
2542,810,45,2,1846
2543,811,45,4,1822
2544,812,45,1,2682
2545,813,31,2,423
2546,814,24,2,623
2547,814,16,1,351
2548,815,27,2,1047
2549,815,31,2,2460
2550,815,45,3,2225
2551,815,27,3,2118
2552,815,42,1,1474
2553,816,10,1,2931
2554,817,39,2,2361
2555,818,1,4,2035
2556,818,44,4,2569
2557,819,37,3,1231
2558,819,28,2,1413
2559,819,6,4,812
2560,820,26,1,1196
2561,820,26,2,2590
2562,821,5,4,2255
2563,821,21,4,1858
2564,821,11,1,1821
2565,821,42,4,1097
2566,821,18,1,727
2567,822,24,3,414
2568,823,19,2,2518
2569,823,7,1,1167
2570,824,1,3,1068
2571,824,36,2,2914
2572,824,3,2,1402
2573,824,6,1,2609
2574,824,31,1,496
2575,825,6,3,334
2576,825,23,3,1930
2577,825,33,2,1588
2578,826,47,3,830
2579,826,45,1,1657
2580,826,27,1,2356
2581,826,50,2,397
2582,827,25,4,2701
2583,827,3,3,960
2584,827,10,4,622
2585,827,41,1,1248
2586,827,14,2,959
2587,828,34,3,2132
2588,828,9,3,1491
2589,828,24,4,463
2590,828,46,4,1279
2591,828,14,1,924
2592,829,41,4,698
2593,829,1,2,1567
2594,829,36,1,2343
2595,829,7,4,1584
2596,829,11,3,961
2597,830,18,3,1747
2598,831,5,2,2187
2599,832,31,3,2110
2600,832,42,2,807
2601,832,37,4,462
2602,833,19,4,1975
2603,833,40,2,2105
2604,833,24,3,1830
2605,834,44,4,2372
2606,835,17,1,2842
2607,835,42,1,1302
2608,835,45,1,933
2609,835,7,3,1839
2610,836,37,4,598
2611,836,15,4,2193
2612,837,23,4,2218
2613,838,30,1,651
2614,838,12,1,1925
2615,838,50,4,1117
2616,838,26,3,564
2617,838,21,3,2775
2618,839,14,4,768
2619,839,18,4,456
2620,839,35,2,2224
2621,839,10,2,1611
2622,840,3,4,555
2623,840,24,4,2239
2624,840,14,1,1166
2625,840,2,4,1405
2626,840,17,2,642
2627,841,5,3,1959
2628,841,6,3,2149
2629,842,34,2,1362
2630,842,12,1,678
2631,842,28,3,1516
2632,842,11,2,1730
2633,843,31,4,2493
2634,843,45,2,2089
2635,843,23,4,340
2636,843,36,2,618
2637,844,40,2,1626
2638,844,43,3,358
2639,844,10,4,904
2640,844,32,3,765
2641,844,44,4,1376
2642,845,47,1,2145
2643,845,9,4,2917
2644,845,38,1,449
2645,845,14,2,2021
2646,845,45,2,2761
2647,846,14,3,1159
2648,846,13,1,1816
2649,846,24,1,1536
2650,846,20,1,2344
2651,847,27,4,1740
2652,847,23,4,2442
2653,847,49,3,764
2654,847,12,4,2054
2655,848,12,2,2523
2656,848,28,4,1467
2657,848,43,4,2897
2658,849,45,1,658
2659,849,7,1,2960
2660,849,2,4,724
2661,850,48,1,2894
2662,850,29,1,1487
2663,850,27,2,1212
2664,850,50,4,2559
2665,851,8,2,2223
2666,851,8,3,2200
2667,851,27,4,331
2668,851,24,2,2378
2669,852,18,3,1559
2670,852,27,2,317
2671,852,27,1,363
2672,853,10,3,2425
2673,854,21,3,998
2674,854,37,4,1290
2675,854,36,4,1089
2676,854,40,4,511
2677,854,37,4,827
2678,855,47,2,1951
2679,855,21,2,2091
2680,855,15,1,817
2681,855,33,1,2886
2682,856,26,3,2564
2683,856,11,3,1134
2684,856,6,1,405
2685,856,28,1,2875
2686,856,50,2,413
2687,857,46,1,2642
2688,857,25,1,834
2689,857,30,3,1064
2690,857,16,2,1516
2691,857,13,2,1848
2692,858,43,1,1426
2693,858,6,2,2869
2694,858,2,1,754
2695,859,39,1,738
2696,859,10,3,1373
2697,859,12,1,616
2698,859,32,3,1151
2699,860,7,4,389
2700,860,27,1,2292
2701,860,41,1,1161
2702,860,44,4,1837
2703,861,41,4,959
2704,861,12,3,341
2705,861,12,1,780
2706,862,23,4,2814
2707,862,39,1,948
2708,862,34,3,798
2709,863,39,1,2495
2710,863,2,2,1185
2711,864,8,2,420
2712,864,21,2,1200
2713,864,6,2,1396
2714,865,31,2,676
2715,865,23,3,2213
2716,865,48,4,2086
2717,866,26,2,1324
2718,866,12,2,1451
2719,866,26,1,2690
2720,866,50,3,978
2721,866,14,4,2075
2722,867,28,3,1605
2723,867,40,1,2787
2724,867,25,4,1118
2725,867,37,3,1831
2726,868,29,2,438
2727,869,17,4,1502
2728,869,39,3,1931
2729,869,2,1,1036
2730,869,21,4,1061
2731,869,23,2,597
2732,870,43,3,1823
2733,870,10,3,800
2734,871,21,1,1647
2735,872,30,3,1252
2736,872,36,1,1879
2737,873,39,2,2459
2738,873,14,1,2597
2739,873,18,1,2650
2740,874,44,4,1601
2741,874,21,2,1107
2742,874,4,4,2342
2743,874,3,3,2025
2744,875,8,4,1000
2745,876,21,4,1268
2746,876,37,1,1467
2747,876,2,1,2191
2748,876,19,2,1949
2749,876,3,1,1681
2750,877,5,4,689
2751,878,47,3,1425
2752,878,21,3,1939
2753,878,6,3,2322
2754,878,40,1,1911
2755,879,45,4,2320
2756,879,42,1,1831
2757,879,40,1,419
2758,880,4,1,868
2759,880,7,3,2084
2760,881,11,1,1082
2761,881,47,3,2501
2762,882,45,1,1363
2763,883,8,1,1546
2764,884,17,3,2809
2765,885,18,2,864
2766,885,38,4,791
2767,885,9,3,906
2768,885,49,4,2908
2769,886,43,1,2437
2770,886,34,2,2667
2771,886,31,4,1449
2772,886,21,4,1225
2773,887,17,3,639
2774,888,36,2,2950
2775,888,48,2,619
2776,888,5,4,546
2777,889,1,2,2217
2778,889,25,2,2297
2779,890,22,2,2718
2780,891,33,3,1577
2781,891,46,4,2984
2782,891,10,1,832
2783,891,15,3,1879
2784,891,29,2,1939
2785,892,5,3,2032
2786,892,11,3,2664
2787,893,10,4,738
2788,894,16,1,2187
2789,895,18,1,2250
2790,895,43,4,1741
2791,896,8,1,1751
2792,896,28,2,916
2793,896,26,4,2380
2794,897,4,4,1416
2795,897,24,1,501
2796,897,42,4,2030
2797,898,19,2,1949
2798,898,12,3,2469
2799,899,32,4,747
2800,899,44,1,2947
2801,899,16,1,1199
2802,899,8,1,446
2803,899,37,3,1277
2804,900,35,1,1428
2805,901,40,4,1905
2806,901,26,1,1200
2807,902,32,2,1000
2808,902,14,3,2908
2809,902,19,3,312
2810,903,12,4,1550
2811,904,11,3,584
2812,904,11,2,1660
2813,905,10,1,2243
2814,905,28,3,385
2815,905,12,3,615
2816,905,11,1,2733
2817,906,31,1,2300
2818,906,16,4,748
2819,906,3,1,2623
2820,907,15,2,900
2821,907,50,1,709
2822,907,20,3,2153
2823,908,48,3,2535
2824,908,17,4,1338
2825,908,24,4,355
2826,908,23,3,1666
2827,909,50,4,761
2828,909,18,1,905
2829,909,27,2,3000
2830,909,10,3,2339
2831,909,2,2,2665
2832,910,24,2,665
2833,910,13,4,2916
2834,910,7,3,2867
2835,910,44,4,2458
2836,911,17,3,1656
2837,911,26,4,1431
2838,912,13,1,2673
2839,912,34,3,2808
2840,912,8,4,2163
2841,913,23,3,751
2842,913,1,4,902
2843,913,30,2,2442
2844,913,19,2,1543
2845,913,32,3,564
2846,914,1,4,467
2847,914,14,3,2729
2848,914,8,1,2300
2849,915,1,4,1742
2850,915,43,1,504
2851,915,17,2,1734
2852,916,33,2,652
2853,916,46,3,884
2854,916,47,2,2069
2855,917,6,3,1196
2856,917,3,4,1752
2857,917,16,4,2030
2858,917,26,1,1370
2859,917,20,3,1009
2860,918,28,3,2668
2861,918,9,2,1324
2862,918,9,4,2570
2863,918,13,3,1549
2864,918,6,3,2621
2865,919,35,2,1839
2866,919,28,1,867
2867,919,34,4,1583
2868,919,33,3,2218
2869,920,28,4,2022
2870,920,27,4,413
2871,920,36,1,2024
2872,921,49,2,2819
2873,922,16,3,821
2874,922,40,3,519
2875,922,49,4,815
2876,923,43,1,2195
2877,923,49,4,522
2878,923,6,1,1406
2879,923,42,1,1665
2880,924,7,3,2616
2881,924,31,3,549
2882,924,8,1,1139
2883,924,34,2,2602
2884,924,48,4,858
2885,925,44,2,1532
2886,925,41,3,326
2887,926,40,2,769
2888,926,5,1,926
2889,926,39,1,2429
2890,926,7,2,1136
2891,927,31,1,2371
2892,928,26,1,798
2893,928,20,4,2281
2894,928,12,2,2539
2895,928,17,4,2995
2896,929,8,4,899
2897,929,41,1,1056
2898,929,10,2,999
2899,929,33,2,2250
2900,929,31,3,1485
2901,930,38,4,1804
2902,931,26,4,739
2903,931,30,4,2040
2904,931,10,1,1460
2905,932,8,4,345
2906,932,38,3,439
2907,932,42,4,474
2908,932,23,2,2216
2909,933,18,1,948
2910,933,23,2,1728
2911,933,46,4,2401
2912,933,5,2,2986
2913,934,23,3,2182
2914,934,46,2,1440
2915,935,26,1,2942
2916,935,31,4,2232
2917,935,39,2,2659
2918,936,50,3,830
2919,936,45,3,2711
2920,936,38,3,2694
2921,936,40,4,576
2922,936,3,1,951
2923,937,7,1,2345
2924,937,44,4,1625
2925,938,50,2,731
2926,938,12,4,2020
2927,939,4,3,768
2928,940,48,1,2108
2929,941,39,1,1012
2930,941,21,1,2141
2931,941,25,2,2910
2932,942,36,2,1101
2933,942,17,4,2092
2934,942,44,3,1223
2935,942,13,2,2077
2936,942,34,2,652
2937,943,2,1,1133
2938,943,3,2,321
2939,943,24,4,2627
2940,943,35,1,1695
2941,943,12,4,1078
2942,944,37,4,2351
2943,944,23,3,2833
2944,945,9,1,2097
2945,945,28,4,590
2946,945,37,1,820
2947,945,34,3,713
2948,945,8,4,1244
2949,946,39,3,392
2950,947,19,3,1899
2951,947,46,3,578
2952,948,19,1,2488
2953,948,37,2,2420
2954,949,33,3,1935
2955,949,40,1,2536
2956,949,45,1,2687
2957,949,31,3,2975
2958,949,2,1,1684
2959,950,17,2,1670
2960,950,49,1,870
2961,950,14,3,555
2962,950,16,4,598
2963,951,40,1,1716
2964,951,5,4,2750
2965,951,48,1,2558
2966,951,31,2,1408
2967,951,47,1,726
2968,952,32,2,2963
2969,953,28,4,1542
2970,953,15,1,526
2971,953,2,2,2488
2972,954,25,1,2563
2973,954,31,1,1885
2974,954,50,4,812
2975,954,28,4,2550
2976,954,9,1,2093
2977,955,40,3,1740
2978,956,22,4,537
2979,956,16,2,676
2980,957,1,2,1991
2981,957,48,1,361
2982,957,47,2,532
2983,957,5,1,819
2984,957,29,2,1457
2985,958,21,3,2767
2986,959,19,2,2782
2987,959,26,4,2993
2988,960,43,1,612
2989,961,35,2,2327
2990,961,46,3,1202
2991,961,29,3,1802
2992,962,19,2,2457
2993,962,18,3,2517
2994,962,33,1,521
2995,962,23,4,2847
2996,962,32,3,621
2997,963,9,2,1549
2998,963,48,2,802
2999,964,47,2,446
3000,964,16,4,2962
3001,964,49,4,767
3002,965,32,1,1407
3003,966,38,4,1530
3004,966,6,1,1443
3005,966,40,4,2328
3006,967,25,4,2118
3007,968,15,2,1853
3008,969,43,4,2481
3009,969,4,3,428
3010,970,49,3,406
3011,970,39,3,1375
3012,970,49,2,412
3013,970,22,4,2051
3014,970,47,1,747
3015,971,25,3,2490
3016,971,30,4,2645
3017,971,47,3,965
3018,971,25,4,1275
3019,971,9,1,1449
3020,972,6,2,2523
3021,972,19,3,2639
3022,972,26,1,2821
3023,973,24,3,3000
3024,973,17,1,809
3025,973,20,3,1383
3026,974,29,4,370
3027,974,29,1,2210
3028,975,23,4,2912
3029,976,14,4,539
3030,976,38,1,1432
3031,976,40,3,562
3032,976,29,2,1356
3033,976,50,3,1363
3034,977,9,2,2881
3035,977,12,2,2831
3036,977,42,1,1253
3037,977,8,1,1054
3038,978,29,3,471
3039,978,36,2,549
3040,978,46,3,1354
3041,978,2,3,2513
3042,978,46,1,2759
3043,979,23,1,617
3044,979,33,4,763
3045,980,5,2,1135
3046,980,21,3,2003
3047,980,5,4,1459
3048,980,10,1,1637
3049,980,39,3,1672
3050,981,42,3,2227
3051,981,19,1,956
3052,981,24,1,1491
3053,981,10,1,735
3054,982,14,3,2392
3055,982,46,3,1180
3056,982,25,1,2991
3057,982,47,2,1860
3058,982,49,1,616
3059,983,37,4,2507
3060,983,47,1,2461
3061,984,39,4,3000
3062,985,34,4,1598
3063,985,18,2,2656
3064,985,19,2,1646
3065,985,16,3,1245
3066,985,30,3,772
3067,986,29,4,1782
3068,986,6,3,2595
3069,987,5,3,2976
3070,987,31,2,2138
3071,987,27,2,2632
3072,987,9,2,1969
3073,987,44,2,2780
3074,988,19,3,1585
3075,988,8,1,1973
3076,988,27,2,2659
3077,989,41,2,1036
3078,989,30,1,983
3079,989,8,4,1378
3080,989,49,4,713
3081,990,3,4,398
3082,990,45,2,599
3083,991,33,4,2029
3084,991,23,2,1947
3085,992,16,3,787
3086,992,22,3,2722
3087,992,39,1,485
3088,992,5,3,2138
3089,992,27,4,2084
3090,993,49,4,851
3091,993,47,2,2714
3092,993,33,1,923
3093,994,38,3,2959
3094,995,25,3,2096
3095,995,12,3,696
3096,995,15,3,2320
3097,995,22,1,2610
3098,996,34,4,1468
3099,996,21,4,1604
3100,996,49,2,886
3101,996,3,2,2063
3102,996,34,3,2655
3103,997,21,1,1722
3104,997,19,2,785
3105,997,19,3,2293
3106,997,29,2,993
3107,997,19,3,2782
3108,998,15,3,877
3109,999,14,2,412
